-- phpMyAdmin SQL Dump
-- version 4.8.0
-- https://www.phpmyadmin.net/
--
-- Servidor: 127.0.0.1
-- Tiempo de generación: 22-05-2018 a las 05:16:06
-- Versión del servidor: 10.1.31-MariaDB
-- Versión de PHP: 7.2.4

SET SQL_MODE = "NO_AUTO_VALUE_ON_ZERO";
SET AUTOCOMMIT = 0;
START TRANSACTION;
SET time_zone = "+00:00";


/*!40101 SET @OLD_CHARACTER_SET_CLIENT=@@CHARACTER_SET_CLIENT */;
/*!40101 SET @OLD_CHARACTER_SET_RESULTS=@@CHARACTER_SET_RESULTS */;
/*!40101 SET @OLD_COLLATION_CONNECTION=@@COLLATION_CONNECTION */;
/*!40101 SET NAMES utf8mb4 */;

--
-- Base de datos: `ps`
--
CREATE DATABASE IF NOT EXISTS `ps` DEFAULT CHARACTER SET utf8 COLLATE utf8_general_ci;
USE `ps`;

-- --------------------------------------------------------

--
-- Estructura de tabla para la tabla `consejo`
--

CREATE TABLE `consejo` (
  `id` int(11) NOT NULL,
  `nombre` varchar(50) NOT NULL,
  `dep_sec` int(50) NOT NULL
) ENGINE=InnoDB DEFAULT CHARSET=utf8;

--
-- Volcado de datos para la tabla `consejo`
--

INSERT INTO `consejo` (`id`, `nombre`, `dep_sec`) VALUES
(1, 'Ing Marco Vinicio Calderon Castellanos', 1),
(2, 'Lcda Lisseth Nohemy Saleh Blanco', 2),
(3, 'Lcda Dinora Rosales Hernandez', 3),
(4, 'Lic. Jose Leonidas Morales', 4),
(5, 'Lic. Luis Alonso Colato Salamanca', 5),
(6, 'Lcda Karla Maria Mejia', 6),
(7, 'Lic. Oscar Armando Calderon Castellanos', 7),
(8, 'Ing Rigoberto Lopez', 8),
(9, 'Lic. Silverio Enrique Berrios Polio', 9),
(10, 'Lcda Marleny del Carmen Guevara de Sorto', 10),
(11, 'Lic. Raul Orlando Romero Lopez', 11),
(12, 'Lic. Rafael Sol Samayoa', 12),
(13, 'Lic. Jose Milton Dominguez Vargas', 13),
(14, 'Dr. Ramon Narciso Granados Zelaya', 14),
(15, 'Lcda. Maria del Carmen De Heski', 15);

-- --------------------------------------------------------

--
-- Estructura de tabla para la tabla `departamentos`
--

CREATE TABLE `departamentos` (
  `id` int(11) NOT NULL,
  `nombre` varchar(50) NOT NULL
) ENGINE=InnoDB DEFAULT CHARSET=utf8;

--
-- Volcado de datos para la tabla `departamentos`
--

INSERT INTO `departamentos` (`id`, `nombre`) VALUES
(3, 'Administración de Empresas'),
(1, 'Agronomia'),
(5, 'Biologia'),
(4, 'Contaduria Publica'),
(14, 'Derecho'),
(10, 'Educacion'),
(7, 'Fisica'),
(8, 'Ingenieria y Arquitectura'),
(11, 'Ingles'),
(12, 'Letras'),
(6, 'Matematica'),
(2, 'Mercadeo Internacional'),
(15, 'Post-Grado'),
(13, 'Psicologia'),
(9, 'Sociologia');

-- --------------------------------------------------------

--
-- Estructura de tabla para la tabla `proyectos`
--

CREATE TABLE `proyectos` (
  `id` int(11) NOT NULL,
  `registro` text NOT NULL,
  `dep_sec` int(11) NOT NULL,
  `mes` varchar(20) NOT NULL,
  `anio` varchar(10) NOT NULL
) ENGINE=InnoDB DEFAULT CHARSET=utf8;

--
-- Volcado de datos para la tabla `proyectos`
--

INSERT INTO `proyectos` (`id`, `registro`, `dep_sec`, `mes`, `anio`) VALUES
(1, '<p class=\"MsoNormal\" style=\"margin-bottom:0cm;margin-bottom:.0001pt;text-align:\r\njustify\"><b>PROYECTOS APROBADOS:<o:p></o:p></b></p><table class=\"MsoTableGrid\" border=\"1\" cellspacing=\"0\" cellpadding=\"0\" width=\"744\" style=\"width: 446.3pt; border: none;\">\r\n <tbody><tr style=\"mso-yfti-irow:0;mso-yfti-firstrow:yes;height:18.15pt\">\r\n  <td width=\"345\" valign=\"top\" style=\"width:207.25pt;border:solid windowtext 1.0pt;\r\n  mso-border-alt:solid windowtext .5pt;padding:0cm 5.4pt 0cm 5.4pt;height:18.15pt\">\r\n  <p class=\"MsoNormal\" align=\"center\" style=\"margin-bottom:0cm;margin-bottom:.0001pt;\r\n  text-align:center;line-height:normal\"><b>REPRESENTANTE<o:p></o:p></b></p>\r\n  </td>\r\n  <td width=\"198\" valign=\"top\" style=\"width:118.85pt;border:solid windowtext 1.0pt;\r\n  border-left:none;mso-border-left-alt:solid windowtext .5pt;mso-border-alt:\r\n  solid windowtext .5pt;padding:0cm 5.4pt 0cm 5.4pt;height:18.15pt\">\r\n  <p class=\"MsoNormal\" align=\"center\" style=\"margin-bottom:0cm;margin-bottom:.0001pt;\r\n  text-align:center;line-height:normal\"><b>NÚMERO\r\n  DEL PROYECTO<o:p></o:p></b></p>\r\n  </td>\r\n  <td width=\"200\" valign=\"top\" style=\"width:120.2pt;border:solid windowtext 1.0pt;\r\n  border-left:none;mso-border-left-alt:solid windowtext .5pt;mso-border-alt:\r\n  solid windowtext .5pt;padding:0cm 5.4pt 0cm 5.4pt;height:18.15pt\">\r\n  <p class=\"MsoNormal\" align=\"center\" style=\"margin-bottom:0cm;margin-bottom:.0001pt;\r\n  text-align:center;line-height:normal\"><b>FECHA<o:p></o:p></b></p>\r\n  </td>\r\n </tr>\r\n <tr style=\"mso-yfti-irow:1;height:12.15pt\">\r\n  <td width=\"345\" style=\"width:207.25pt;border:solid windowtext 1.0pt;border-top:\r\n  none;mso-border-top-alt:solid windowtext .5pt;mso-border-alt:solid windowtext .5pt;\r\n  padding:0cm 5.4pt 0cm 5.4pt;height:12.15pt\">\r\n  <p class=\"MsoNormal\" align=\"center\" style=\"margin-bottom:0cm;margin-bottom:.0001pt;\r\n  text-align:center;line-height:normal\">JOSE ISMAEL TORRES PINEDA<o:p></o:p></p>\r\n  </td>\r\n  <td width=\"198\" style=\"width:118.85pt;border-top:none;border-left:none;\r\n  border-bottom:solid windowtext 1.0pt;border-right:solid windowtext 1.0pt;\r\n  mso-border-top-alt:solid windowtext .5pt;mso-border-left-alt:solid windowtext .5pt;\r\n  mso-border-alt:solid windowtext .5pt;padding:0cm 5.4pt 0cm 5.4pt;height:12.15pt\">\r\n  <p class=\"MsoNormal\" align=\"center\" style=\"margin-bottom:0cm;margin-bottom:.0001pt;\r\n  text-align:center;line-height:normal\">48326<o:p></o:p></p>\r\n  </td>\r\n  <td width=\"200\" valign=\"top\" style=\"width:120.2pt;border-top:none;border-left:\r\n  none;border-bottom:solid windowtext 1.0pt;border-right:solid windowtext 1.0pt;\r\n  mso-border-top-alt:solid windowtext .5pt;mso-border-left-alt:solid windowtext .5pt;\r\n  mso-border-alt:solid windowtext .5pt;padding:0cm 5.4pt 0cm 5.4pt;height:12.15pt\">\r\n  <p class=\"MsoNormal\" align=\"center\" style=\"margin-bottom:0cm;margin-bottom:.0001pt;\r\n  text-align:center;line-height:normal\">13/03/2018<o:p></o:p></p>\r\n  </td>\r\n </tr>\r\n <tr style=\"mso-yfti-irow:2;mso-yfti-lastrow:yes;height:13.05pt\">\r\n  <td width=\"345\" style=\"width:207.25pt;border:solid windowtext 1.0pt;border-top:\r\n  none;mso-border-top-alt:solid windowtext .5pt;mso-border-alt:solid windowtext .5pt;\r\n  padding:0cm 5.4pt 0cm 5.4pt;height:13.05pt\">\r\n  <p class=\"MsoNormal\" align=\"center\" style=\"margin-bottom:0cm;margin-bottom:.0001pt;\r\n  text-align:center;line-height:normal\">KARLA YOSELYN REYES ARRIAZA<o:p></o:p></p>\r\n  </td>\r\n  <td width=\"198\" style=\"width:118.85pt;border-top:none;border-left:none;\r\n  border-bottom:solid windowtext 1.0pt;border-right:solid windowtext 1.0pt;\r\n  mso-border-top-alt:solid windowtext .5pt;mso-border-left-alt:solid windowtext .5pt;\r\n  mso-border-alt:solid windowtext .5pt;padding:0cm 5.4pt 0cm 5.4pt;height:13.05pt\">\r\n  <p class=\"MsoNormal\" align=\"center\" style=\"margin-bottom:0cm;margin-bottom:.0001pt;\r\n  text-align:center;line-height:normal\">55486<o:p></o:p></p>\r\n  </td>\r\n  <td width=\"200\" valign=\"top\" style=\"width:120.2pt;border-top:none;border-left:\r\n  none;border-bottom:solid windowtext 1.0pt;border-right:solid windowtext 1.0pt;\r\n  mso-border-top-alt:solid windowtext .5pt;mso-border-left-alt:solid windowtext .5pt;\r\n  mso-border-alt:solid windowtext .5pt;padding:0cm 5.4pt 0cm 5.4pt;height:13.05pt\">\r\n  <p class=\"MsoNormal\" align=\"center\" style=\"margin-bottom:0cm;margin-bottom:.0001pt;\r\n  text-align:center;line-height:normal\">27/04/2018<o:p></o:p></p>\r\n  </td>\r\n </tr>\r\n</tbody></table><p class=\"MsoNormal\" style=\"margin-bottom:0cm;margin-bottom:.0001pt\"><b>&nbsp;</b></p><p class=\"MsoNormal\" style=\"margin-bottom:0cm;margin-bottom:.0001pt\"><b>PROYECTOS CON OBSERVACIONES:<o:p></o:p></b></p><table class=\"MsoTableGrid\" border=\"1\" cellspacing=\"0\" cellpadding=\"0\" width=\"744\" style=\"width: 446.3pt; border: none;\">\r\n <tbody><tr style=\"mso-yfti-irow:0;mso-yfti-firstrow:yes;height:20.15pt\">\r\n  <td width=\"351\" valign=\"top\" style=\"width:210.3pt;border:solid windowtext 1.0pt;\r\n  mso-border-alt:solid windowtext .5pt;padding:0cm 5.4pt 0cm 5.4pt;height:20.15pt\">\r\n  <p class=\"MsoNormal\" align=\"center\" style=\"margin-bottom:0cm;margin-bottom:.0001pt;\r\n  text-align:center;line-height:normal\"><b>REPRESENTANTE<o:p></o:p></b></p>\r\n  </td>\r\n  <td width=\"195\" valign=\"top\" style=\"width:117.15pt;border:solid windowtext 1.0pt;\r\n  border-left:none;mso-border-left-alt:solid windowtext .5pt;mso-border-alt:\r\n  solid windowtext .5pt;padding:0cm 5.4pt 0cm 5.4pt;height:20.15pt\">\r\n  <p class=\"MsoNormal\" align=\"center\" style=\"margin-bottom:0cm;margin-bottom:.0001pt;\r\n  text-align:center;line-height:normal\"><b>NUMERO\r\n  DEL PROYECTO<o:p></o:p></b></p>\r\n  </td>\r\n  <td width=\"198\" valign=\"top\" style=\"width:118.85pt;border:solid windowtext 1.0pt;\r\n  border-left:none;mso-border-left-alt:solid windowtext .5pt;mso-border-alt:\r\n  solid windowtext .5pt;padding:0cm 5.4pt 0cm 5.4pt;height:20.15pt\">\r\n  <p class=\"MsoNormal\" align=\"center\" style=\"margin-bottom:0cm;margin-bottom:.0001pt;\r\n  text-align:center;line-height:normal\"><b>FECHA<o:p></o:p></b></p>\r\n  </td>\r\n </tr>\r\n <tr style=\"mso-yfti-irow:1;mso-yfti-lastrow:yes;height:20.15pt\">\r\n  <td width=\"351\" valign=\"top\" style=\"width:210.3pt;border:solid windowtext 1.0pt;\r\n  border-top:none;mso-border-top-alt:solid windowtext .5pt;mso-border-alt:solid windowtext .5pt;\r\n  padding:0cm 5.4pt 0cm 5.4pt;height:20.15pt\">\r\n  <p class=\"MsoNormal\" align=\"center\" style=\"margin-bottom:0cm;margin-bottom:.0001pt;\r\n  text-align:center;line-height:normal\">ANNA GABRIELA REQUENO<o:p></o:p></p>\r\n  </td>\r\n  <td width=\"195\" valign=\"top\" style=\"width:117.15pt;border-top:none;border-left:\r\n  none;border-bottom:solid windowtext 1.0pt;border-right:solid windowtext 1.0pt;\r\n  mso-border-top-alt:solid windowtext .5pt;mso-border-left-alt:solid windowtext .5pt;\r\n  mso-border-alt:solid windowtext .5pt;padding:0cm 5.4pt 0cm 5.4pt;height:20.15pt\">\r\n  <p class=\"MsoNormal\" align=\"center\" style=\"margin-bottom:0cm;margin-bottom:.0001pt;\r\n  text-align:center;line-height:normal\"><o:p>&nbsp;</o:p></p>\r\n  </td>\r\n  <td width=\"198\" valign=\"top\" style=\"width:118.85pt;border-top:none;border-left:\r\n  none;border-bottom:solid windowtext 1.0pt;border-right:solid windowtext 1.0pt;\r\n  mso-border-top-alt:solid windowtext .5pt;mso-border-left-alt:solid windowtext .5pt;\r\n  mso-border-alt:solid windowtext .5pt;padding:0cm 5.4pt 0cm 5.4pt;height:20.15pt\">\r\n  <p class=\"MsoNormal\" align=\"center\" style=\"margin-bottom:0cm;margin-bottom:.0001pt;\r\n  text-align:center;line-height:normal\">07/05/2018<o:p></o:p></p>\r\n  </td>\r\n </tr>\r\n</tbody></table><p class=\"MsoNormal\" style=\"margin-bottom:0cm;margin-bottom:.0001pt\"><b>&nbsp;</b></p><p class=\"MsoNormal\" style=\"margin-bottom:0cm;margin-bottom:.0001pt\"><b>MEMORIAS CON OBSERVACIONES:<o:p></o:p></b></p><table class=\"MsoTableGrid\" border=\"1\" cellspacing=\"0\" cellpadding=\"0\" width=\"744\" style=\"width: 446.3pt; border: none;\">\r\n <tbody><tr style=\"mso-yfti-irow:0;mso-yfti-firstrow:yes;height:18.05pt\">\r\n  <td width=\"354\" valign=\"top\" style=\"width:212.4pt;border:solid windowtext 1.0pt;\r\n  mso-border-alt:solid windowtext .5pt;padding:0cm 5.4pt 0cm 5.4pt;height:18.05pt\">\r\n  <p class=\"MsoNormal\" align=\"center\" style=\"margin-bottom:0cm;margin-bottom:.0001pt;\r\n  text-align:center;line-height:normal\"><b>REPRESENTANTE<o:p></o:p></b></p>\r\n  </td>\r\n  <td width=\"189\" valign=\"top\" style=\"width:4.0cm;border:solid windowtext 1.0pt;\r\n  border-left:none;mso-border-left-alt:solid windowtext .5pt;mso-border-alt:\r\n  solid windowtext .5pt;padding:0cm 5.4pt 0cm 5.4pt;height:18.05pt\">\r\n  <p class=\"MsoNormal\" align=\"center\" style=\"margin-bottom:0cm;margin-bottom:.0001pt;\r\n  text-align:center;line-height:normal\"><b>NUMERO\r\n  DE LA MEMORIA<o:p></o:p></b></p>\r\n  </td>\r\n  <td width=\"201\" valign=\"top\" style=\"width:120.5pt;border:solid windowtext 1.0pt;\r\n  border-left:none;mso-border-left-alt:solid windowtext .5pt;mso-border-alt:\r\n  solid windowtext .5pt;padding:0cm 5.4pt 0cm 5.4pt;height:18.05pt\">\r\n  <p class=\"MsoNormal\" align=\"center\" style=\"margin-bottom:0cm;margin-bottom:.0001pt;\r\n  text-align:center;line-height:normal\"><b>FECHA<o:p></o:p></b></p>\r\n  </td>\r\n </tr>\r\n <tr style=\"mso-yfti-irow:1;mso-yfti-lastrow:yes;height:16.3pt\">\r\n  <td width=\"354\" valign=\"top\" style=\"width:212.4pt;border:solid windowtext 1.0pt;\r\n  border-top:none;mso-border-top-alt:solid windowtext .5pt;mso-border-alt:solid windowtext .5pt;\r\n  padding:0cm 5.4pt 0cm 5.4pt;height:16.3pt\">\r\n  <p class=\"MsoNormal\" align=\"center\" style=\"margin-bottom:0cm;margin-bottom:.0001pt;\r\n  text-align:center;line-height:normal\">MARIA MIGDALIA MARTINEZ RUIZ<o:p></o:p></p>\r\n  </td>\r\n  <td width=\"189\" valign=\"top\" style=\"width:4.0cm;border-top:none;border-left:none;\r\n  border-bottom:solid windowtext 1.0pt;border-right:solid windowtext 1.0pt;\r\n  mso-border-top-alt:solid windowtext .5pt;mso-border-left-alt:solid windowtext .5pt;\r\n  mso-border-alt:solid windowtext .5pt;padding:0cm 5.4pt 0cm 5.4pt;height:16.3pt\">\r\n  <p class=\"MsoNormal\" align=\"center\" style=\"margin-bottom:0cm;margin-bottom:.0001pt;\r\n  text-align:center;line-height:normal\"><o:p>&nbsp;</o:p></p>\r\n  </td>\r\n  <td width=\"201\" valign=\"top\" style=\"width:120.5pt;border-top:none;border-left:\r\n  none;border-bottom:solid windowtext 1.0pt;border-right:solid windowtext 1.0pt;\r\n  mso-border-top-alt:solid windowtext .5pt;mso-border-left-alt:solid windowtext .5pt;\r\n  mso-border-alt:solid windowtext .5pt;padding:0cm 5.4pt 0cm 5.4pt;height:16.3pt\">\r\n  <p class=\"MsoNormal\" align=\"center\" style=\"margin-bottom:0cm;margin-bottom:.0001pt;\r\n  text-align:center;line-height:normal\">07/05/2018<o:p></o:p></p>\r\n  </td>\r\n </tr>\r\n</tbody></table><p class=\"MsoNormal\" style=\"margin-bottom:0cm;margin-bottom:.0001pt;line-height:\r\n80%\"><b>&nbsp;</b></p><p class=\"MsoNormal\" style=\"margin-bottom:0cm;margin-bottom:.0001pt;line-height:\r\n80%\"><b>&nbsp;</b></p><p class=\"MsoNormal\" style=\"margin-bottom:0cm;margin-bottom:.0001pt;line-height:\r\n80%\"><b>CONSTANCIAS: <o:p></o:p></b></p><p>\r\n\r\n\r\n\r\n\r\n\r\n\r\n\r\n\r\n\r\n\r\n\r\n\r\n\r\n\r\n\r\n\r\n\r\n\r\n\r\n\r\n\r\n</p><table class=\"MsoNormalTable\" border=\"0\" cellspacing=\"0\" cellpadding=\"0\" width=\"498\" style=\"width: 299pt;\">\r\n <tbody><tr style=\"mso-yfti-irow:0;mso-yfti-firstrow:yes;height:15.0pt\">\r\n  <td width=\"398\" nowrap=\"\" valign=\"bottom\" style=\"width:239.0pt;padding:0cm 3.5pt 0cm 3.5pt;\r\n  height:15.0pt\">\r\n  <p class=\"MsoNormal\" style=\"margin-bottom:0cm;margin-bottom:.0001pt;line-height:\r\n  normal\"><span lang=\"ES\">Estudiante<o:p></o:p></span></p>\r\n  </td>\r\n  <td width=\"100\" nowrap=\"\" valign=\"bottom\" style=\"width:60.0pt;padding:0cm 3.5pt 0cm 3.5pt;\r\n  height:15.0pt\">\r\n  <p class=\"MsoNormal\" style=\"margin-bottom:0cm;margin-bottom:.0001pt;line-height:\r\n  normal\"><span lang=\"ES\">Código<o:p></o:p></span></p>\r\n  </td>\r\n </tr>\r\n <tr style=\"mso-yfti-irow:1;height:15.0pt\">\r\n  <td width=\"398\" nowrap=\"\" valign=\"bottom\" style=\"width:239.0pt;padding:0cm 3.5pt 0cm 3.5pt;\r\n  height:15.0pt\">\r\n  <p class=\"MsoNormal\" style=\"margin-bottom:0cm;margin-bottom:.0001pt;line-height:\r\n  normal\"><span lang=\"ES\">JOSE VICTOR, SOSA RAMOS<o:p></o:p></span></p>\r\n  </td>\r\n  <td width=\"100\" nowrap=\"\" valign=\"bottom\" style=\"width:60.0pt;padding:0cm 3.5pt 0cm 3.5pt;\r\n  height:15.0pt\">\r\n  <p class=\"MsoNormal\" style=\"margin-bottom:0cm;margin-bottom:.0001pt;line-height:\r\n  normal\"><span lang=\"ES\">SR09019<o:p></o:p></span></p>\r\n  </td>\r\n </tr>\r\n <tr style=\"mso-yfti-irow:2;height:15.0pt\">\r\n  <td width=\"398\" nowrap=\"\" valign=\"bottom\" style=\"width:239.0pt;padding:0cm 3.5pt 0cm 3.5pt;\r\n  height:15.0pt\">\r\n  <p class=\"MsoNormal\" style=\"margin-bottom:0cm;margin-bottom:.0001pt;line-height:\r\n  normal\"><span lang=\"ES\">ISMAEL ANTONIO, ARGUETA BATRES <o:p></o:p></span></p>\r\n  </td>\r\n  <td width=\"100\" nowrap=\"\" valign=\"bottom\" style=\"width:60.0pt;padding:0cm 3.5pt 0cm 3.5pt;\r\n  height:15.0pt\">\r\n  <p class=\"MsoNormal\" style=\"margin-bottom:0cm;margin-bottom:.0001pt;line-height:\r\n  normal\"><span lang=\"ES\">AB10014<o:p></o:p></span></p>\r\n  </td>\r\n </tr>\r\n <tr style=\"mso-yfti-irow:3;height:15.0pt\">\r\n  <td width=\"398\" nowrap=\"\" valign=\"bottom\" style=\"width:239.0pt;padding:0cm 3.5pt 0cm 3.5pt;\r\n  height:15.0pt\">\r\n  <p class=\"MsoNormal\" style=\"margin-bottom:0cm;margin-bottom:.0001pt;line-height:\r\n  normal\"><span lang=\"ES\">YANCI SARAI, BONILLA DE FUNES<o:p></o:p></span></p>\r\n  </td>\r\n  <td width=\"100\" nowrap=\"\" valign=\"bottom\" style=\"width:60.0pt;padding:0cm 3.5pt 0cm 3.5pt;\r\n  height:15.0pt\">\r\n  <p class=\"MsoNormal\" style=\"margin-bottom:0cm;margin-bottom:.0001pt;line-height:\r\n  normal\"><span lang=\"ES\">BC07027<o:p></o:p></span></p>\r\n  </td>\r\n </tr>\r\n <tr style=\"mso-yfti-irow:4;height:15.0pt\">\r\n  <td width=\"398\" nowrap=\"\" valign=\"bottom\" style=\"width:239.0pt;padding:0cm 3.5pt 0cm 3.5pt;\r\n  height:15.0pt\">\r\n  <p class=\"MsoNormal\" style=\"margin-bottom:0cm;margin-bottom:.0001pt;line-height:\r\n  normal\"><span lang=\"ES\">OLIVIA DE LA PAZ, GONZALEZ\r\n  CAMPOS <o:p></o:p></span></p>\r\n  </td>\r\n  <td width=\"100\" nowrap=\"\" valign=\"bottom\" style=\"width:60.0pt;padding:0cm 3.5pt 0cm 3.5pt;\r\n  height:15.0pt\">\r\n  <p class=\"MsoNormal\" style=\"margin-bottom:0cm;margin-bottom:.0001pt;line-height:\r\n  normal\"><span lang=\"ES\">GC06024<o:p></o:p></span></p>\r\n  </td>\r\n </tr>\r\n <tr style=\"mso-yfti-irow:5;height:15.0pt\">\r\n  <td width=\"398\" nowrap=\"\" valign=\"bottom\" style=\"width:239.0pt;padding:0cm 3.5pt 0cm 3.5pt;\r\n  height:15.0pt\">\r\n  <p class=\"MsoNormal\" style=\"margin-bottom:0cm;margin-bottom:.0001pt;line-height:\r\n  normal\"><span lang=\"ES\">EDUARDO LUIS, HERNANDEZ GAITAN <o:p></o:p></span></p>\r\n  </td>\r\n  <td width=\"100\" nowrap=\"\" valign=\"bottom\" style=\"width:60.0pt;padding:0cm 3.5pt 0cm 3.5pt;\r\n  height:15.0pt\">\r\n  <p class=\"MsoNormal\" style=\"margin-bottom:0cm;margin-bottom:.0001pt;line-height:\r\n  normal\"><span lang=\"ES\">HG09030<o:p></o:p></span></p>\r\n  </td>\r\n </tr>\r\n <tr style=\"mso-yfti-irow:6;height:15.0pt\">\r\n  <td width=\"398\" nowrap=\"\" valign=\"bottom\" style=\"width:239.0pt;padding:0cm 3.5pt 0cm 3.5pt;\r\n  height:15.0pt\">\r\n  <p class=\"MsoNormal\" style=\"margin-bottom:0cm;margin-bottom:.0001pt;line-height:\r\n  normal\"><span lang=\"ES\">VERONICA LISSETH, GIRON\r\n  QUINTANILLA<o:p></o:p></span></p>\r\n  </td>\r\n  <td width=\"100\" nowrap=\"\" valign=\"bottom\" style=\"width:60.0pt;padding:0cm 3.5pt 0cm 3.5pt;\r\n  height:15.0pt\">\r\n  <p class=\"MsoNormal\" style=\"margin-bottom:0cm;margin-bottom:.0001pt;line-height:\r\n  normal\"><span lang=\"ES\">GQ14005<o:p></o:p></span></p>\r\n  </td>\r\n </tr>\r\n <tr style=\"mso-yfti-irow:7;height:15.0pt\">\r\n  <td width=\"398\" nowrap=\"\" valign=\"bottom\" style=\"width:239.0pt;padding:0cm 3.5pt 0cm 3.5pt;\r\n  height:15.0pt\">\r\n  <p class=\"MsoNormal\" style=\"margin-bottom:0cm;margin-bottom:.0001pt;line-height:\r\n  normal\"><span lang=\"ES\">YANCI CAROLINA, APARICIO PEREZ<o:p></o:p></span></p>\r\n  </td>\r\n  <td width=\"100\" nowrap=\"\" valign=\"bottom\" style=\"width:60.0pt;padding:0cm 3.5pt 0cm 3.5pt;\r\n  height:15.0pt\">\r\n  <p class=\"MsoNormal\" style=\"margin-bottom:0cm;margin-bottom:.0001pt;line-height:\r\n  normal\"><span lang=\"ES\">AP14025<o:p></o:p></span></p>\r\n  </td>\r\n </tr>\r\n <tr style=\"mso-yfti-irow:8;mso-yfti-lastrow:yes;height:15.0pt\">\r\n  <td width=\"398\" nowrap=\"\" valign=\"bottom\" style=\"width:239.0pt;padding:0cm 3.5pt 0cm 3.5pt;\r\n  height:15.0pt\">\r\n  <p class=\"MsoNormal\" style=\"margin-bottom:0cm;margin-bottom:.0001pt;line-height:\r\n  normal\"><span lang=\"ES\">KARLA MARIA, FUENTES PEREZ<o:p></o:p></span></p>\r\n  </td>\r\n  <td width=\"100\" nowrap=\"\" valign=\"bottom\" style=\"width:60.0pt;padding:0cm 3.5pt 0cm 3.5pt;\r\n  height:15.0pt\">\r\n  <p class=\"MsoNormal\" style=\"margin-bottom:0cm;margin-bottom:.0001pt;line-height:\r\n  normal\"><span lang=\"ES\">FP14004<o:p></o:p></span></p>\r\n  </td>\r\n </tr>\r\n</tbody></table>', 3, 'mayo', '2018'),
(2, '<p class=\"MsoNormal\" style=\"text-align:justify\"><b><span style=\"font-size:9.0pt;line-height:107%\">PROYECTOS APROBADOS<o:p></o:p></span></b></p><table class=\"MsoTableGrid\" border=\"1\" cellspacing=\"0\" cellpadding=\"0\" style=\"border: none;\">\r\n <tbody><tr style=\"mso-yfti-irow:0;mso-yfti-firstrow:yes;height:15.7pt\">\r\n  <td width=\"323\" valign=\"top\" style=\"width:193.8pt;border:solid windowtext 1.0pt;\r\n  mso-border-alt:solid windowtext .5pt;padding:0cm 5.4pt 0cm 5.4pt;height:15.7pt\">\r\n  <p class=\"MsoNormal\" align=\"center\" style=\"margin-bottom:0cm;margin-bottom:.0001pt;\r\n  text-align:center;line-height:normal\"><b><span style=\"font-size:9.0pt\">REPRESENTANTE<o:p></o:p></span></b></p>\r\n  </td>\r\n  <td width=\"209\" valign=\"top\" style=\"width:125.25pt;border:solid windowtext 1.0pt;\r\n  border-left:none;mso-border-left-alt:solid windowtext .5pt;mso-border-alt:\r\n  solid windowtext .5pt;padding:0cm 5.4pt 0cm 5.4pt;height:15.7pt\">\r\n  <p class=\"MsoNormal\" align=\"center\" style=\"margin-bottom:0cm;margin-bottom:.0001pt;\r\n  text-align:center;line-height:normal\"><b><span style=\"font-size:9.0pt\">NÚMERO DEL PROYECTO<o:p></o:p></span></b></p>\r\n  </td>\r\n  <td width=\"204\" valign=\"top\" style=\"width:122.35pt;border:solid windowtext 1.0pt;\r\n  border-left:none;mso-border-left-alt:solid windowtext .5pt;mso-border-alt:\r\n  solid windowtext .5pt;padding:0cm 5.4pt 0cm 5.4pt;height:15.7pt\">\r\n  <p class=\"MsoNormal\" align=\"center\" style=\"margin-bottom:0cm;margin-bottom:.0001pt;\r\n  text-align:center;line-height:normal\"><b><span style=\"font-size:9.0pt\">FECHA<o:p></o:p></span></b></p>\r\n  </td>\r\n </tr>\r\n <tr style=\"mso-yfti-irow:1;mso-yfti-lastrow:yes;height:15.7pt\">\r\n  <td width=\"323\" valign=\"top\" style=\"width:193.8pt;border:solid windowtext 1.0pt;\r\n  border-top:none;mso-border-top-alt:solid windowtext .5pt;mso-border-alt:solid windowtext .5pt;\r\n  padding:0cm 5.4pt 0cm 5.4pt;height:15.7pt\">\r\n  <p class=\"MsoNormal\" style=\"margin-bottom:0cm;margin-bottom:.0001pt;line-height:\r\n  normal\"><span style=\"font-size:9.0pt\"><o:p>&nbsp;</o:p></span></p>\r\n  </td>\r\n  <td width=\"209\" valign=\"top\" style=\"width:125.25pt;border-top:none;border-left:\r\n  none;border-bottom:solid windowtext 1.0pt;border-right:solid windowtext 1.0pt;\r\n  mso-border-top-alt:solid windowtext .5pt;mso-border-left-alt:solid windowtext .5pt;\r\n  mso-border-alt:solid windowtext .5pt;padding:0cm 5.4pt 0cm 5.4pt;height:15.7pt\">\r\n  <p class=\"MsoNormal\" align=\"center\" style=\"margin-bottom:0cm;margin-bottom:.0001pt;\r\n  text-align:center;line-height:normal\"><span style=\"font-size:9.0pt\"><o:p>&nbsp;</o:p></span></p>\r\n  </td>\r\n  <td width=\"204\" valign=\"top\" style=\"width:122.35pt;border-top:none;border-left:\r\n  none;border-bottom:solid windowtext 1.0pt;border-right:solid windowtext 1.0pt;\r\n  mso-border-top-alt:solid windowtext .5pt;mso-border-left-alt:solid windowtext .5pt;\r\n  mso-border-alt:solid windowtext .5pt;padding:0cm 5.4pt 0cm 5.4pt;height:15.7pt\">\r\n  <p class=\"MsoNormal\" align=\"center\" style=\"margin-bottom:0cm;margin-bottom:.0001pt;\r\n  text-align:center;line-height:normal\"><span style=\"font-size:9.0pt\"><o:p>&nbsp;</o:p></span></p>\r\n  </td>\r\n </tr>\r\n</tbody></table><p class=\"MsoNormal\"><b><span style=\"font-size:9.0pt;line-height:107%\">PROYECTOS CON OBSERVACIONES:<o:p></o:p></span></b></p><table class=\"MsoTableGrid\" border=\"1\" cellspacing=\"0\" cellpadding=\"0\" width=\"732\" style=\"width: 439.2pt; border: none;\">\r\n <tbody><tr style=\"mso-yfti-irow:0;mso-yfti-firstrow:yes;height:17.15pt\">\r\n  <td width=\"330\" valign=\"top\" style=\"width:197.9pt;border:solid windowtext 1.0pt;\r\n  mso-border-alt:solid windowtext .5pt;padding:0cm 5.4pt 0cm 5.4pt;height:17.15pt\">\r\n  <p class=\"MsoNormal\" align=\"center\" style=\"margin-bottom:0cm;margin-bottom:.0001pt;\r\n  text-align:center;line-height:normal\"><b><span style=\"font-size:9.0pt\">REPRESENTANTE<o:p></o:p></span></b></p>\r\n  </td>\r\n  <td width=\"201\" valign=\"top\" style=\"width:120.8pt;border:solid windowtext 1.0pt;\r\n  border-left:none;mso-border-left-alt:solid windowtext .5pt;mso-border-alt:\r\n  solid windowtext .5pt;padding:0cm 5.4pt 0cm 5.4pt;height:17.15pt\">\r\n  <p class=\"MsoNormal\" align=\"center\" style=\"margin-bottom:0cm;margin-bottom:.0001pt;\r\n  text-align:center;line-height:normal\"><b><span style=\"font-size:9.0pt\">NUMERO DEL PROYECTO<o:p></o:p></span></b></p>\r\n  </td>\r\n  <td width=\"201\" valign=\"top\" style=\"width:120.5pt;border:solid windowtext 1.0pt;\r\n  border-left:none;mso-border-left-alt:solid windowtext .5pt;mso-border-alt:\r\n  solid windowtext .5pt;padding:0cm 5.4pt 0cm 5.4pt;height:17.15pt\">\r\n  <p class=\"MsoNormal\" align=\"center\" style=\"margin-bottom:0cm;margin-bottom:.0001pt;\r\n  text-align:center;line-height:normal\"><b><span style=\"font-size:9.0pt\">FECHA<o:p></o:p></span></b></p>\r\n  </td>\r\n </tr>\r\n <tr style=\"mso-yfti-irow:1;height:17.15pt\">\r\n  <td width=\"330\" valign=\"top\" style=\"width:197.9pt;border:solid windowtext 1.0pt;\r\n  border-top:none;mso-border-top-alt:solid windowtext .5pt;mso-border-alt:solid windowtext .5pt;\r\n  padding:0cm 5.4pt 0cm 5.4pt;height:17.15pt\">\r\n  <p class=\"MsoNormal\" align=\"center\" style=\"margin-bottom:0cm;margin-bottom:.0001pt;\r\n  text-align:center;line-height:normal\"><span style=\"font-size:9.0pt\">JHANCY\r\n  LUCIA BLANCO JUAREZ<o:p></o:p></span></p>\r\n  </td>\r\n  <td width=\"201\" valign=\"top\" style=\"width:120.8pt;border-top:none;border-left:\r\n  none;border-bottom:solid windowtext 1.0pt;border-right:solid windowtext 1.0pt;\r\n  mso-border-top-alt:solid windowtext .5pt;mso-border-left-alt:solid windowtext .5pt;\r\n  mso-border-alt:solid windowtext .5pt;padding:0cm 5.4pt 0cm 5.4pt;height:17.15pt\">\r\n  <p class=\"MsoNormal\" align=\"center\" style=\"margin-bottom:0cm;margin-bottom:.0001pt;\r\n  text-align:center;line-height:normal\"><span style=\"font-size:9.0pt\"><o:p>&nbsp;</o:p></span></p>\r\n  </td>\r\n  <td width=\"201\" valign=\"top\" style=\"width:120.5pt;border-top:none;border-left:\r\n  none;border-bottom:solid windowtext 1.0pt;border-right:solid windowtext 1.0pt;\r\n  mso-border-top-alt:solid windowtext .5pt;mso-border-left-alt:solid windowtext .5pt;\r\n  mso-border-alt:solid windowtext .5pt;padding:0cm 5.4pt 0cm 5.4pt;height:17.15pt\">\r\n  <p class=\"MsoNormal\" align=\"center\" style=\"margin-bottom:0cm;margin-bottom:.0001pt;\r\n  text-align:center;line-height:normal\"><span style=\"font-size:9.0pt\">09/05/2018<o:p></o:p></span></p>\r\n  </td>\r\n </tr>\r\n <tr style=\"mso-yfti-irow:2;mso-yfti-lastrow:yes;height:17.15pt\">\r\n  <td width=\"330\" valign=\"top\" style=\"width:197.9pt;border:solid windowtext 1.0pt;\r\n  border-top:none;mso-border-top-alt:solid windowtext .5pt;mso-border-alt:solid windowtext .5pt;\r\n  padding:0cm 5.4pt 0cm 5.4pt;height:17.15pt\">\r\n  <p class=\"MsoNormal\" align=\"center\" style=\"margin-bottom:0cm;margin-bottom:.0001pt;\r\n  text-align:center;line-height:normal\"><span style=\"font-size:9.0pt\">EVER\r\n  MAURICIO CISNEROS AYALA <o:p></o:p></span></p>\r\n  </td>\r\n  <td width=\"201\" valign=\"top\" style=\"width:120.8pt;border-top:none;border-left:\r\n  none;border-bottom:solid windowtext 1.0pt;border-right:solid windowtext 1.0pt;\r\n  mso-border-top-alt:solid windowtext .5pt;mso-border-left-alt:solid windowtext .5pt;\r\n  mso-border-alt:solid windowtext .5pt;padding:0cm 5.4pt 0cm 5.4pt;height:17.15pt\">\r\n  <p class=\"MsoNormal\" align=\"center\" style=\"margin-bottom:0cm;margin-bottom:.0001pt;\r\n  text-align:center;line-height:normal\"><span style=\"font-size:9.0pt\"><o:p>&nbsp;</o:p></span></p>\r\n  </td>\r\n  <td width=\"201\" valign=\"top\" style=\"width:120.5pt;border-top:none;border-left:\r\n  none;border-bottom:solid windowtext 1.0pt;border-right:solid windowtext 1.0pt;\r\n  mso-border-top-alt:solid windowtext .5pt;mso-border-left-alt:solid windowtext .5pt;\r\n  mso-border-alt:solid windowtext .5pt;padding:0cm 5.4pt 0cm 5.4pt;height:17.15pt\">\r\n  <p class=\"MsoNormal\" align=\"center\" style=\"margin-bottom:0cm;margin-bottom:.0001pt;\r\n  text-align:center;line-height:normal\"><span style=\"font-size:9.0pt\">09/05/2018<o:p></o:p></span></p>\r\n  </td>\r\n </tr>\r\n</tbody></table><p class=\"MsoNormal\" style=\"margin-bottom:0cm;margin-bottom:.0001pt\"><b><span style=\"font-size:9.0pt;line-height:\r\n107%\">MEMORIAS CON OBSERVACIONES:<o:p></o:p></span></b></p><p class=\"MsoNormal\" style=\"margin-bottom:0cm;margin-bottom:.0001pt\"><b><span style=\"font-size:9.0pt;line-height:\r\n107%\"><o:p>&nbsp;</o:p></span></b></p><table class=\"MsoTableGrid\" border=\"1\" cellspacing=\"0\" cellpadding=\"0\" width=\"736\" style=\"width: 441.4pt; border: none;\">\r\n <tbody><tr style=\"mso-yfti-irow:0;mso-yfti-firstrow:yes;height:14.8pt\">\r\n  <td width=\"329\" valign=\"top\" style=\"width:197.15pt;border:solid windowtext 1.0pt;\r\n  mso-border-alt:solid windowtext .5pt;padding:0cm 5.4pt 0cm 5.4pt;height:14.8pt\">\r\n  <p class=\"MsoNormal\" align=\"center\" style=\"margin-bottom:0cm;margin-bottom:.0001pt;\r\n  text-align:center;line-height:normal\"><b><span style=\"font-size:9.0pt\">REPRESENTANTE<o:p></o:p></span></b></p>\r\n  </td>\r\n  <td width=\"210\" valign=\"top\" style=\"width:125.7pt;border:solid windowtext 1.0pt;\r\n  border-left:none;mso-border-left-alt:solid windowtext .5pt;mso-border-alt:\r\n  solid windowtext .5pt;padding:0cm 5.4pt 0cm 5.4pt;height:14.8pt\">\r\n  <p class=\"MsoNormal\" align=\"center\" style=\"margin-bottom:0cm;margin-bottom:.0001pt;\r\n  text-align:center;line-height:normal\"><b><span style=\"font-size:9.0pt\">NÚMERO DE LA MEMORIA<o:p></o:p></span></b></p>\r\n  </td>\r\n  <td width=\"198\" valign=\"top\" style=\"width:118.55pt;border:solid windowtext 1.0pt;\r\n  border-left:none;mso-border-left-alt:solid windowtext .5pt;mso-border-alt:\r\n  solid windowtext .5pt;padding:0cm 5.4pt 0cm 5.4pt;height:14.8pt\">\r\n  <p class=\"MsoNormal\" align=\"center\" style=\"margin-bottom:0cm;margin-bottom:.0001pt;\r\n  text-align:center;line-height:normal\"><b><span style=\"font-size:9.0pt\">FECHA<o:p></o:p></span></b></p>\r\n  </td>\r\n </tr>\r\n <tr style=\"mso-yfti-irow:1;height:14.8pt\">\r\n  <td width=\"329\" valign=\"top\" style=\"width:197.15pt;border:solid windowtext 1.0pt;\r\n  border-top:none;mso-border-top-alt:solid windowtext .5pt;mso-border-alt:solid windowtext .5pt;\r\n  padding:0cm 5.4pt 0cm 5.4pt;height:14.8pt\">\r\n  <p class=\"MsoNormal\" align=\"center\" style=\"margin-bottom:0cm;margin-bottom:.0001pt;\r\n  text-align:center;line-height:normal\"><span style=\"font-size:9.0pt\">JOSE\r\n  ROLANDO FUENTES HERNANDEZ<o:p></o:p></span></p>\r\n  </td>\r\n  <td width=\"210\" valign=\"top\" style=\"width:125.7pt;border-top:none;border-left:\r\n  none;border-bottom:solid windowtext 1.0pt;border-right:solid windowtext 1.0pt;\r\n  mso-border-top-alt:solid windowtext .5pt;mso-border-left-alt:solid windowtext .5pt;\r\n  mso-border-alt:solid windowtext .5pt;padding:0cm 5.4pt 0cm 5.4pt;height:14.8pt\">\r\n  <p class=\"MsoNormal\" align=\"center\" style=\"margin-bottom:0cm;margin-bottom:.0001pt;\r\n  text-align:center;line-height:normal\"><span style=\"font-size:9.0pt\">1932<o:p></o:p></span></p>\r\n  </td>\r\n  <td width=\"198\" valign=\"top\" style=\"width:118.55pt;border-top:none;border-left:\r\n  none;border-bottom:solid windowtext 1.0pt;border-right:solid windowtext 1.0pt;\r\n  mso-border-top-alt:solid windowtext .5pt;mso-border-left-alt:solid windowtext .5pt;\r\n  mso-border-alt:solid windowtext .5pt;padding:0cm 5.4pt 0cm 5.4pt;height:14.8pt\">\r\n  <p class=\"MsoNormal\" align=\"center\" style=\"margin-bottom:0cm;margin-bottom:.0001pt;\r\n  text-align:center;line-height:normal\"><span style=\"font-size:9.0pt\">21/03/2018<o:p></o:p></span></p>\r\n  </td>\r\n </tr>\r\n <tr style=\"mso-yfti-irow:2;mso-yfti-lastrow:yes;height:14.8pt\">\r\n  <td width=\"329\" valign=\"top\" style=\"width:197.15pt;border:solid windowtext 1.0pt;\r\n  border-top:none;mso-border-top-alt:solid windowtext .5pt;mso-border-alt:solid windowtext .5pt;\r\n  padding:0cm 5.4pt 0cm 5.4pt;height:14.8pt\">\r\n  <p class=\"MsoNormal\" align=\"center\" style=\"margin-bottom:0cm;margin-bottom:.0001pt;\r\n  text-align:center;line-height:normal\"><span style=\"font-size:9.0pt\">RUDY\r\n  JOSUE FLORES FLORES<o:p></o:p></span></p>\r\n  <p class=\"MsoNormal\" align=\"center\" style=\"margin-bottom:0cm;margin-bottom:.0001pt;\r\n  text-align:center;line-height:normal\"><span style=\"font-size:9.0pt\">ENDY\r\n  ERIKSON MARTINEZ CAMPOS<o:p></o:p></span></p>\r\n  </td>\r\n  <td width=\"210\" valign=\"top\" style=\"width:125.7pt;border-top:none;border-left:\r\n  none;border-bottom:solid windowtext 1.0pt;border-right:solid windowtext 1.0pt;\r\n  mso-border-top-alt:solid windowtext .5pt;mso-border-left-alt:solid windowtext .5pt;\r\n  mso-border-alt:solid windowtext .5pt;padding:0cm 5.4pt 0cm 5.4pt;height:14.8pt\">\r\n  <p class=\"MsoNormal\" align=\"center\" style=\"margin-bottom:0cm;margin-bottom:.0001pt;\r\n  text-align:center;line-height:normal\"><span style=\"font-size:9.0pt\"><o:p>&nbsp;</o:p></span></p>\r\n  </td>\r\n  <td width=\"198\" valign=\"top\" style=\"width:118.55pt;border-top:none;border-left:\r\n  none;border-bottom:solid windowtext 1.0pt;border-right:solid windowtext 1.0pt;\r\n  mso-border-top-alt:solid windowtext .5pt;mso-border-left-alt:solid windowtext .5pt;\r\n  mso-border-alt:solid windowtext .5pt;padding:0cm 5.4pt 0cm 5.4pt;height:14.8pt\">\r\n  <p class=\"MsoNormal\" align=\"center\" style=\"margin-bottom:0cm;margin-bottom:.0001pt;\r\n  text-align:center;line-height:normal\"><span style=\"font-size:9.0pt\">09/05/2018<o:p></o:p></span></p>\r\n  </td>\r\n </tr>\r\n</tbody></table><p class=\"MsoNormal\" style=\"margin-bottom:0cm;margin-bottom:.0001pt\"><span style=\"font-size:9.0pt;line-height:107%\"><o:p>&nbsp;</o:p></span></p><p class=\"MsoNormal\" style=\"margin-bottom:0cm;margin-bottom:.0001pt\"><b><span style=\"font-size:9.0pt;line-height:\r\n107%\"><o:p>&nbsp;</o:p></span></b></p><p class=\"MsoNormal\" style=\"margin-bottom:0cm;margin-bottom:.0001pt\"><b><span style=\"font-size:9.0pt;line-height:\r\n107%\"><o:p>&nbsp;</o:p></span></b></p><p class=\"MsoNormal\" style=\"margin-bottom:0cm;margin-bottom:.0001pt\"><b><span style=\"font-size:9.0pt;line-height:\r\n107%\"><o:p>&nbsp;</o:p></span></b></p><p class=\"MsoNormal\" style=\"margin-bottom:0cm;margin-bottom:.0001pt\"><b><span style=\"font-size:9.0pt;line-height:\r\n107%\">COSTANCIAS <o:p></o:p></span></b></p><p class=\"MsoNormal\" style=\"margin-bottom:0cm;margin-bottom:.0001pt\"><span style=\"font-size:9.0pt;line-height:107%\"><o:p>&nbsp;</o:p></span></p><p>\r\n\r\n\r\n\r\n\r\n\r\n\r\n\r\n\r\n\r\n\r\n\r\n\r\n\r\n\r\n\r\n\r\n\r\n\r\n\r\n\r\n\r\n\r\n\r\n\r\n\r\n</p><table class=\"MsoNormalTable\" border=\"0\" cellspacing=\"0\" cellpadding=\"0\" width=\"603\" style=\"width: 362pt;\">\r\n <tbody><tr style=\"mso-yfti-irow:0;mso-yfti-firstrow:yes;height:15.0pt\">\r\n  <td width=\"403\" nowrap=\"\" valign=\"bottom\" style=\"width:242.0pt;padding:0cm 3.5pt 0cm 3.5pt;\r\n  height:15.0pt\">\r\n  <p class=\"MsoNormal\" style=\"margin-bottom:0cm;margin-bottom:.0001pt;line-height:\r\n  normal\">Estudiante:<o:p></o:p></p>\r\n  </td>\r\n  <td width=\"200\" nowrap=\"\" valign=\"bottom\" style=\"width:120.0pt;padding:0cm 3.5pt 0cm 3.5pt;\r\n  height:15.0pt\">\r\n  <p class=\"MsoNormal\" style=\"margin-bottom:0cm;margin-bottom:.0001pt;line-height:\r\n  normal\">Código<o:p></o:p></p>\r\n  </td>\r\n </tr>\r\n <tr style=\"mso-yfti-irow:1;height:15.0pt\">\r\n  <td width=\"403\" nowrap=\"\" valign=\"bottom\" style=\"width:242.0pt;padding:0cm 3.5pt 0cm 3.5pt;\r\n  height:15.0pt\">\r\n  <p class=\"MsoNormal\" style=\"margin-bottom:0cm;margin-bottom:.0001pt;line-height:\r\n  normal\">JACQUELINE YESENIA, BLANCO BONILLA<o:p></o:p></p>\r\n  </td>\r\n  <td width=\"200\" nowrap=\"\" valign=\"bottom\" style=\"width:120.0pt;padding:0cm 3.5pt 0cm 3.5pt;\r\n  height:15.0pt\">\r\n  <p class=\"MsoNormal\" style=\"margin-bottom:0cm;margin-bottom:.0001pt;line-height:\r\n  normal\">BB11017<o:p></o:p></p>\r\n  </td>\r\n </tr>\r\n <tr style=\"mso-yfti-irow:2;height:15.0pt\">\r\n  <td width=\"403\" nowrap=\"\" valign=\"bottom\" style=\"width:242.0pt;padding:0cm 3.5pt 0cm 3.5pt;\r\n  height:15.0pt\">\r\n  <p class=\"MsoNormal\" style=\"margin-bottom:0cm;margin-bottom:.0001pt;line-height:\r\n  normal\">ROSA MARISOL, CRUZ PAIZ <o:p></o:p></p>\r\n  </td>\r\n  <td width=\"200\" nowrap=\"\" valign=\"bottom\" style=\"width:120.0pt;padding:0cm 3.5pt 0cm 3.5pt;\r\n  height:15.0pt\">\r\n  <p class=\"MsoNormal\" style=\"margin-bottom:0cm;margin-bottom:.0001pt;line-height:\r\n  normal\">CP13051<o:p></o:p></p>\r\n  </td>\r\n </tr>\r\n <tr style=\"mso-yfti-irow:3;height:15.0pt\">\r\n  <td width=\"403\" nowrap=\"\" valign=\"bottom\" style=\"width:242.0pt;padding:0cm 3.5pt 0cm 3.5pt;\r\n  height:15.0pt\">\r\n  <p class=\"MsoNormal\" style=\"margin-bottom:0cm;margin-bottom:.0001pt;line-height:\r\n  normal\">SUZZETTE ISABEL, HENRIQUEZ CARCAMO <o:p></o:p></p>\r\n  </td>\r\n  <td width=\"200\" nowrap=\"\" valign=\"bottom\" style=\"width:120.0pt;padding:0cm 3.5pt 0cm 3.5pt;\r\n  height:15.0pt\">\r\n  <p class=\"MsoNormal\" style=\"margin-bottom:0cm;margin-bottom:.0001pt;line-height:\r\n  normal\">HC13013<o:p></o:p></p>\r\n  </td>\r\n </tr>\r\n <tr style=\"mso-yfti-irow:4;height:15.0pt\">\r\n  <td width=\"403\" nowrap=\"\" valign=\"bottom\" style=\"width:242.0pt;padding:0cm 3.5pt 0cm 3.5pt;\r\n  height:15.0pt\">\r\n  <p class=\"MsoNormal\" style=\"margin-bottom:0cm;margin-bottom:.0001pt;line-height:\r\n  normal\">JAIME NAHUN, SORTO AYALA <o:p></o:p></p>\r\n  </td>\r\n  <td width=\"200\" nowrap=\"\" valign=\"bottom\" style=\"width:120.0pt;padding:0cm 3.5pt 0cm 3.5pt;\r\n  height:15.0pt\">\r\n  <p class=\"MsoNormal\" style=\"margin-bottom:0cm;margin-bottom:.0001pt;line-height:\r\n  normal\">SA08018<o:p></o:p></p>\r\n  </td>\r\n </tr>\r\n <tr style=\"mso-yfti-irow:5;mso-yfti-lastrow:yes;height:15.0pt\">\r\n  <td width=\"403\" nowrap=\"\" valign=\"bottom\" style=\"width:242.0pt;padding:0cm 3.5pt 0cm 3.5pt;\r\n  height:15.0pt\">\r\n  <p class=\"MsoNormal\" style=\"margin-bottom:0cm;margin-bottom:.0001pt;line-height:\r\n  normal\">CARLOS, RODRIGUEZ LARIN<o:p></o:p></p>\r\n  </td>\r\n  <td width=\"200\" nowrap=\"\" valign=\"bottom\" style=\"width:120.0pt;padding:0cm 3.5pt 0cm 3.5pt;\r\n  height:15.0pt\">\r\n  <p class=\"MsoNormal\" style=\"margin-bottom:0cm;margin-bottom:.0001pt;line-height:\r\n  normal\">RL06018<o:p></o:p></p>\r\n  </td>\r\n </tr>\r\n</tbody></table>', 6, 'mayo', '2018');
INSERT INTO `proyectos` (`id`, `registro`, `dep_sec`, `mes`, `anio`) VALUES
(4, '<p class=\"MsoNormal\"><b><span style=\"font-size:9.0pt;line-height:107%\">PROYECTOS APROBADOS:<o:p></o:p></span></b></p><table class=\"MsoTableGrid\" border=\"1\" cellspacing=\"0\" cellpadding=\"0\" width=\"792\" style=\"width: 474.9pt; margin-left: -0.25pt; border: none;\">\r\n <tbody><tr style=\"mso-yfti-irow:0;mso-yfti-firstrow:yes;height:17.75pt\">\r\n  <td width=\"343\" valign=\"top\" style=\"width:205.55pt;border:solid windowtext 1.0pt;\r\n  mso-border-alt:solid windowtext .5pt;padding:0cm 5.4pt 0cm 5.4pt;height:17.75pt\">\r\n  <p class=\"MsoNormal\" align=\"center\" style=\"margin-bottom:0cm;margin-bottom:.0001pt;\r\n  text-align:center;line-height:normal\"><b><span style=\"font-size:9.0pt\">REPRESENTANTE<o:p></o:p></span></b></p>\r\n  </td>\r\n  <td width=\"224\" valign=\"top\" style=\"width:134.65pt;border:solid windowtext 1.0pt;\r\n  border-left:none;mso-border-left-alt:solid windowtext .5pt;mso-border-alt:\r\n  solid windowtext .5pt;padding:0cm 5.4pt 0cm 5.4pt;height:17.75pt\">\r\n  <p class=\"MsoNormal\" align=\"center\" style=\"margin-bottom:0cm;margin-bottom:.0001pt;\r\n  text-align:center;line-height:normal\"><b><span style=\"font-size:9.0pt\">NÚMERO DEL PROYECTO<o:p></o:p></span></b></p>\r\n  </td>\r\n  <td width=\"225\" valign=\"top\" style=\"width:134.7pt;border:solid windowtext 1.0pt;\r\n  border-left:none;mso-border-left-alt:solid windowtext .5pt;mso-border-alt:\r\n  solid windowtext .5pt;padding:0cm 5.4pt 0cm 5.4pt;height:17.75pt\">\r\n  <p class=\"MsoNormal\" align=\"center\" style=\"margin-bottom:0cm;margin-bottom:.0001pt;\r\n  text-align:center;line-height:normal\"><b><span style=\"font-size:9.0pt\">FECHA<o:p></o:p></span></b></p>\r\n  </td>\r\n </tr>\r\n <tr style=\"mso-yfti-irow:1;mso-yfti-lastrow:yes;height:16.8pt\">\r\n  <td width=\"343\" valign=\"top\" style=\"width:205.55pt;border:solid windowtext 1.0pt;\r\n  border-top:none;mso-border-top-alt:solid windowtext .5pt;mso-border-alt:solid windowtext .5pt;\r\n  padding:0cm 5.4pt 0cm 5.4pt;height:16.8pt\">\r\n  <p class=\"MsoNormal\" align=\"center\" style=\"margin-bottom:0cm;margin-bottom:.0001pt;\r\n  text-align:center;line-height:normal\"><span lang=\"EN-US\" style=\"font-size:9.0pt;\r\n  mso-ansi-language:EN-US\">WILLIAM ALBERTO CHAVEZ<o:p></o:p></span></p>\r\n  <p class=\"MsoNormal\" align=\"center\" style=\"margin-bottom:0cm;margin-bottom:.0001pt;\r\n  text-align:center;line-height:normal\"><span lang=\"EN-US\" style=\"font-size:9.0pt;\r\n  mso-ansi-language:EN-US\">PEDRO LUIS LAINEZ <o:p></o:p></span></p>\r\n  </td>\r\n  <td width=\"224\" valign=\"top\" style=\"width:134.65pt;border-top:none;border-left:\r\n  none;border-bottom:solid windowtext 1.0pt;border-right:solid windowtext 1.0pt;\r\n  mso-border-top-alt:solid windowtext .5pt;mso-border-left-alt:solid windowtext .5pt;\r\n  mso-border-alt:solid windowtext .5pt;padding:0cm 5.4pt 0cm 5.4pt;height:16.8pt\">\r\n  <p class=\"MsoNormal\" align=\"center\" style=\"margin-bottom:0cm;margin-bottom:.0001pt;\r\n  text-align:center;line-height:normal\"><span lang=\"EN-US\" style=\"font-size:9.0pt;\r\n  mso-ansi-language:EN-US\"><o:p>&nbsp;</o:p></span></p>\r\n  </td>\r\n  <td width=\"225\" valign=\"top\" style=\"width:134.7pt;border-top:none;border-left:\r\n  none;border-bottom:solid windowtext 1.0pt;border-right:solid windowtext 1.0pt;\r\n  mso-border-top-alt:solid windowtext .5pt;mso-border-left-alt:solid windowtext .5pt;\r\n  mso-border-alt:solid windowtext .5pt;padding:0cm 5.4pt 0cm 5.4pt;height:16.8pt\">\r\n  <p class=\"MsoNormal\" align=\"center\" style=\"margin-bottom:0cm;margin-bottom:.0001pt;\r\n  text-align:center;line-height:normal\"><span style=\"font-size:9.0pt\">07/05/2018<o:p></o:p></span></p>\r\n  </td>\r\n </tr>\r\n</tbody></table><p class=\"MsoNormal\"><b><span style=\"font-size:9.0pt;line-height:107%\"><o:p>&nbsp;</o:p></span></b></p><p class=\"MsoNormal\"><b><span style=\"font-size:9.0pt;line-height:107%\">PROYECTOS CON OBSERVACIONES:<o:p></o:p></span></b></p><table class=\"MsoTableGrid\" border=\"1\" cellspacing=\"0\" cellpadding=\"0\" width=\"791\" style=\"width: 474.65pt; border: none;\">\r\n <tbody><tr style=\"mso-yfti-irow:0;mso-yfti-firstrow:yes;height:17.15pt\">\r\n  <td width=\"330\" valign=\"top\" style=\"width:197.9pt;border:solid windowtext 1.0pt;\r\n  mso-border-alt:solid windowtext .5pt;padding:0cm 5.4pt 0cm 5.4pt;height:17.15pt\">\r\n  <p class=\"MsoNormal\" align=\"center\" style=\"margin-bottom:0cm;margin-bottom:.0001pt;\r\n  text-align:center;line-height:normal\"><b><span style=\"font-size:9.0pt\">REPRESENTANTE<o:p></o:p></span></b></p>\r\n  </td>\r\n  <td width=\"237\" valign=\"top\" style=\"width:142.05pt;border:solid windowtext 1.0pt;\r\n  border-left:none;mso-border-left-alt:solid windowtext .5pt;mso-border-alt:\r\n  solid windowtext .5pt;padding:0cm 5.4pt 0cm 5.4pt;height:17.15pt\">\r\n  <p class=\"MsoNormal\" align=\"center\" style=\"margin-bottom:0cm;margin-bottom:.0001pt;\r\n  text-align:center;line-height:normal\"><b><span style=\"font-size:9.0pt\">NUMERO DEL PROYECTO<o:p></o:p></span></b></p>\r\n  </td>\r\n  <td width=\"225\" valign=\"top\" style=\"width:134.7pt;border:solid windowtext 1.0pt;\r\n  border-left:none;mso-border-left-alt:solid windowtext .5pt;mso-border-alt:\r\n  solid windowtext .5pt;padding:0cm 5.4pt 0cm 5.4pt;height:17.15pt\">\r\n  <p class=\"MsoNormal\" align=\"center\" style=\"margin-bottom:0cm;margin-bottom:.0001pt;\r\n  text-align:center;line-height:normal\"><b><span style=\"font-size:9.0pt\">FECHA<o:p></o:p></span></b></p>\r\n  </td>\r\n </tr>\r\n <tr style=\"mso-yfti-irow:1;height:17.15pt\">\r\n  <td width=\"330\" valign=\"top\" style=\"width:197.9pt;border:solid windowtext 1.0pt;\r\n  border-top:none;mso-border-top-alt:solid windowtext .5pt;mso-border-alt:solid windowtext .5pt;\r\n  padding:0cm 5.4pt 0cm 5.4pt;height:17.15pt\">\r\n  <p class=\"MsoNormal\" align=\"center\" style=\"margin-bottom:0cm;margin-bottom:.0001pt;\r\n  text-align:center;line-height:normal\"><span style=\"font-size:9.0pt\">CHRISTIAN\r\n  ERARDO ESPINAL<o:p></o:p></span></p>\r\n  <p class=\"MsoNormal\" align=\"center\" style=\"margin-bottom:0cm;margin-bottom:.0001pt;\r\n  text-align:center;line-height:normal\"><span style=\"font-size:9.0pt\">MODESTO\r\n  HERNANDEZ PINEDA<o:p></o:p></span></p>\r\n  <p class=\"MsoNormal\" align=\"center\" style=\"margin-bottom:0cm;margin-bottom:.0001pt;\r\n  text-align:center;line-height:normal\"><span style=\"font-size:9.0pt\">ALBERTO\r\n  JOSE LARIOS<o:p></o:p></span></p>\r\n  </td>\r\n  <td width=\"237\" valign=\"top\" style=\"width:142.05pt;border-top:none;border-left:\r\n  none;border-bottom:solid windowtext 1.0pt;border-right:solid windowtext 1.0pt;\r\n  mso-border-top-alt:solid windowtext .5pt;mso-border-left-alt:solid windowtext .5pt;\r\n  mso-border-alt:solid windowtext .5pt;padding:0cm 5.4pt 0cm 5.4pt;height:17.15pt\">\r\n  <p class=\"MsoNormal\" align=\"center\" style=\"margin-bottom:0cm;margin-bottom:.0001pt;\r\n  text-align:center;line-height:normal\"><span style=\"font-size:9.0pt\">27125<o:p></o:p></span></p>\r\n  </td>\r\n  <td width=\"225\" valign=\"top\" style=\"width:134.7pt;border-top:none;border-left:\r\n  none;border-bottom:solid windowtext 1.0pt;border-right:solid windowtext 1.0pt;\r\n  mso-border-top-alt:solid windowtext .5pt;mso-border-left-alt:solid windowtext .5pt;\r\n  mso-border-alt:solid windowtext .5pt;padding:0cm 5.4pt 0cm 5.4pt;height:17.15pt\">\r\n  <p class=\"MsoNormal\" align=\"center\" style=\"margin-bottom:0cm;margin-bottom:.0001pt;\r\n  text-align:center;line-height:normal\"><span style=\"font-size:9.0pt\">03/05/2018<o:p></o:p></span></p>\r\n  </td>\r\n </tr>\r\n <tr style=\"mso-yfti-irow:2;mso-yfti-lastrow:yes;height:17.15pt\">\r\n  <td width=\"330\" valign=\"top\" style=\"width:197.9pt;border:solid windowtext 1.0pt;\r\n  border-top:none;mso-border-top-alt:solid windowtext .5pt;mso-border-alt:solid windowtext .5pt;\r\n  padding:0cm 5.4pt 0cm 5.4pt;height:17.15pt\">\r\n  <p class=\"MsoNormal\" align=\"center\" style=\"margin-bottom:0cm;margin-bottom:.0001pt;\r\n  text-align:center;line-height:normal\"><span style=\"font-size:9.0pt\">ATILIO\r\n  ERNESTO RIVAS GOMEZ<o:p></o:p></span></p>\r\n  </td>\r\n  <td width=\"237\" valign=\"top\" style=\"width:142.05pt;border-top:none;border-left:\r\n  none;border-bottom:solid windowtext 1.0pt;border-right:solid windowtext 1.0pt;\r\n  mso-border-top-alt:solid windowtext .5pt;mso-border-left-alt:solid windowtext .5pt;\r\n  mso-border-alt:solid windowtext .5pt;padding:0cm 5.4pt 0cm 5.4pt;height:17.15pt\">\r\n  <p class=\"MsoNormal\" align=\"center\" style=\"margin-bottom:0cm;margin-bottom:.0001pt;\r\n  text-align:center;line-height:normal\"><span style=\"font-size:9.0pt\">48256<o:p></o:p></span></p>\r\n  </td>\r\n  <td width=\"225\" valign=\"top\" style=\"width:134.7pt;border-top:none;border-left:\r\n  none;border-bottom:solid windowtext 1.0pt;border-right:solid windowtext 1.0pt;\r\n  mso-border-top-alt:solid windowtext .5pt;mso-border-left-alt:solid windowtext .5pt;\r\n  mso-border-alt:solid windowtext .5pt;padding:0cm 5.4pt 0cm 5.4pt;height:17.15pt\">\r\n  <p class=\"MsoNormal\" align=\"center\" style=\"margin-bottom:0cm;margin-bottom:.0001pt;\r\n  text-align:center;line-height:normal\"><span style=\"font-size:9.0pt\">23/04/2018<o:p></o:p></span></p>\r\n  </td>\r\n </tr>\r\n</tbody></table><p class=\"MsoNormal\" align=\"center\" style=\"text-align:center\"><span style=\"font-size:9.0pt;line-height:107%\"><o:p>&nbsp;</o:p></span></p><p class=\"MsoNormal\"><b><span style=\"font-size:9.0pt;line-height:107%\">MEMORIAS CON OBSERVACIONES:<o:p></o:p></span></b></p><table class=\"MsoTableGrid\" border=\"1\" cellspacing=\"0\" cellpadding=\"0\" width=\"791\" style=\"width: 474.65pt; border: none;\">\r\n <tbody><tr>\r\n  <td width=\"346\" valign=\"top\" style=\"width:207.65pt;border:solid windowtext 1.0pt;\r\n  mso-border-alt:solid windowtext .5pt;padding:0cm 5.4pt 0cm 5.4pt\">\r\n  <p class=\"MsoNormal\" align=\"center\" style=\"margin-bottom:0cm;margin-bottom:.0001pt;\r\n  text-align:center;line-height:normal\"><b><span style=\"font-size:9.0pt\">REPRESENTANTE<o:p></o:p></span></b></p>\r\n  </td>\r\n  <td width=\"221\" valign=\"top\" style=\"width:132.3pt;border:solid windowtext 1.0pt;\r\n  border-left:none;mso-border-left-alt:solid windowtext .5pt;mso-border-alt:\r\n  solid windowtext .5pt;padding:0cm 5.4pt 0cm 5.4pt\">\r\n  <p class=\"MsoNormal\" align=\"center\" style=\"margin-bottom:0cm;margin-bottom:.0001pt;\r\n  text-align:center;line-height:normal\"><b><span style=\"font-size:9.0pt\">NUMERO DE LA MEMORIA<o:p></o:p></span></b></p>\r\n  </td>\r\n  <td width=\"225\" valign=\"top\" style=\"width:134.7pt;border:solid windowtext 1.0pt;\r\n  border-left:none;mso-border-left-alt:solid windowtext .5pt;mso-border-alt:\r\n  solid windowtext .5pt;padding:0cm 5.4pt 0cm 5.4pt\">\r\n  <p class=\"MsoNormal\" align=\"center\" style=\"margin-bottom:0cm;margin-bottom:.0001pt;\r\n  text-align:center;line-height:normal\"><b><span style=\"font-size:9.0pt\">FECHA<o:p></o:p></span></b></p>\r\n  </td>\r\n </tr>\r\n <tr>\r\n  <td width=\"346\" valign=\"top\" style=\"width:207.65pt;border:solid windowtext 1.0pt;\r\n  border-top:none;mso-border-top-alt:solid windowtext .5pt;mso-border-alt:solid windowtext .5pt;\r\n  padding:0cm 5.4pt 0cm 5.4pt\">\r\n  <p class=\"MsoNormal\" align=\"center\" style=\"margin-bottom:0cm;margin-bottom:.0001pt;\r\n  text-align:center;line-height:normal\"><span style=\"font-size:9.0pt\">GILMA\r\n  ESPERANZA BONILLA SANTOS <o:p></o:p></span></p>\r\n  <p class=\"MsoNormal\" align=\"center\" style=\"margin-bottom:0cm;margin-bottom:.0001pt;\r\n  text-align:center;line-height:normal\"><span style=\"font-size:9.0pt\">JOSE NOE\r\n  GUZMAN MORENO<o:p></o:p></span></p>\r\n  <p class=\"MsoNormal\" align=\"center\" style=\"margin-bottom:0cm;margin-bottom:.0001pt;\r\n  text-align:center;line-height:normal\"><span style=\"font-size:9.0pt\">ISAMAR\r\n  PERDOMO SALGADO <o:p></o:p></span></p>\r\n  </td>\r\n  <td width=\"221\" valign=\"top\" style=\"width:132.3pt;border-top:none;border-left:\r\n  none;border-bottom:solid windowtext 1.0pt;border-right:solid windowtext 1.0pt;\r\n  mso-border-top-alt:solid windowtext .5pt;mso-border-left-alt:solid windowtext .5pt;\r\n  mso-border-alt:solid windowtext .5pt;padding:0cm 5.4pt 0cm 5.4pt\">\r\n  <p class=\"MsoNormal\" align=\"center\" style=\"margin-bottom:0cm;margin-bottom:.0001pt;\r\n  text-align:center;line-height:normal\"><span style=\"font-size:9.0pt\">24951<o:p></o:p></span></p>\r\n  </td>\r\n  <td width=\"225\" valign=\"top\" style=\"width:134.7pt;border-top:none;border-left:\r\n  none;border-bottom:solid windowtext 1.0pt;border-right:solid windowtext 1.0pt;\r\n  mso-border-top-alt:solid windowtext .5pt;mso-border-left-alt:solid windowtext .5pt;\r\n  mso-border-alt:solid windowtext .5pt;padding:0cm 5.4pt 0cm 5.4pt\">\r\n  <p class=\"MsoNormal\" align=\"center\" style=\"margin-bottom:0cm;margin-bottom:.0001pt;\r\n  text-align:center;line-height:normal\"><span style=\"font-size:9.0pt\">07/05/2018<o:p></o:p></span></p>\r\n  </td>\r\n </tr>\r\n <tr>\r\n  <td width=\"346\" valign=\"top\" style=\"width:207.65pt;border:solid windowtext 1.0pt;\r\n  border-top:none;mso-border-top-alt:solid windowtext .5pt;mso-border-alt:solid windowtext .5pt;\r\n  padding:0cm 5.4pt 0cm 5.4pt\">\r\n  <p class=\"MsoNormal\" align=\"center\" style=\"margin-bottom:0cm;margin-bottom:.0001pt;\r\n  text-align:center;line-height:normal\"><span style=\"font-size:9.0pt\"><o:p>&nbsp;</o:p></span></p>\r\n  </td>\r\n  <td width=\"221\" valign=\"top\" style=\"width:132.3pt;border-top:none;border-left:\r\n  none;border-bottom:solid windowtext 1.0pt;border-right:solid windowtext 1.0pt;\r\n  mso-border-top-alt:solid windowtext .5pt;mso-border-left-alt:solid windowtext .5pt;\r\n  mso-border-alt:solid windowtext .5pt;padding:0cm 5.4pt 0cm 5.4pt\">\r\n  <p class=\"MsoNormal\" align=\"center\" style=\"margin-bottom:0cm;margin-bottom:.0001pt;\r\n  text-align:center;line-height:normal\"><span style=\"font-size:9.0pt\"><o:p>&nbsp;</o:p></span></p>\r\n  </td>\r\n  <td width=\"225\" valign=\"top\" style=\"width:134.7pt;border-top:none;border-left:\r\n  none;border-bottom:solid windowtext 1.0pt;border-right:solid windowtext 1.0pt;\r\n  mso-border-top-alt:solid windowtext .5pt;mso-border-left-alt:solid windowtext .5pt;\r\n  mso-border-alt:solid windowtext .5pt;padding:0cm 5.4pt 0cm 5.4pt\">\r\n  <p class=\"MsoNormal\" align=\"center\" style=\"margin-bottom:0cm;margin-bottom:.0001pt;\r\n  text-align:center;line-height:normal\"><span style=\"font-size:9.0pt\"><o:p>&nbsp;</o:p></span></p>\r\n  </td>\r\n </tr>\r\n</tbody></table><p class=\"MsoNormal\"><b><span style=\"font-size:9.0pt;line-height:107%\"><o:p>&nbsp;</o:p></span></b></p><p class=\"MsoNormal\"><b><span style=\"font-size:9.0pt;line-height:107%\"><o:p>&nbsp;</o:p></span></b></p><p class=\"MsoNormal\"><b><span style=\"font-size:9.0pt;line-height:107%\"><o:p>&nbsp;</o:p></span></b></p><p class=\"MsoNormal\"><b><span style=\"font-size:9.0pt;line-height:107%\"><o:p>&nbsp;</o:p></span></b></p><p class=\"MsoNormal\" style=\"margin-bottom:0cm;margin-bottom:.0001pt\"><b><span style=\"font-size:10.0pt;line-height:\r\n107%\">CONSTANCIAS:<o:p></o:p></span></b></p><p class=\"MsoNormal\" style=\"margin-bottom:0cm;margin-bottom:.0001pt\"><b><span style=\"font-size:10.0pt;line-height:\r\n107%\">Ingeniería Industrial <o:p></o:p></span></b></p><p class=\"MsoNormal\" style=\"margin-bottom:0cm;margin-bottom:.0001pt\"><b><span style=\"font-size:10.0pt;line-height:\r\n107%\"><o:p>&nbsp;</o:p></span></b></p><table class=\"MsoNormalTable\" border=\"0\" cellspacing=\"0\" cellpadding=\"0\" width=\"600\" style=\"width: 360pt;\">\r\n <tbody><tr style=\"mso-yfti-irow:0;mso-yfti-firstrow:yes;height:15.0pt\">\r\n  <td width=\"402\" nowrap=\"\" valign=\"bottom\" style=\"width:241.0pt;padding:0cm 3.5pt 0cm 3.5pt;\r\n  height:15.0pt\">\r\n  <p class=\"MsoNormal\" style=\"margin-bottom:0cm;margin-bottom:.0001pt;line-height:\r\n  normal\"><span style=\"font-size:10.0pt;mso-ascii-font-family:Calibri;\r\n  mso-fareast-font-family:&quot;Times New Roman&quot;;mso-hansi-font-family:Calibri;\r\n  mso-bidi-font-family:Calibri;mso-fareast-language:ES-SV\">Estudiante:<o:p></o:p></span></p>\r\n  </td>\r\n  <td width=\"198\" nowrap=\"\" valign=\"bottom\" style=\"width:119.0pt;padding:0cm 3.5pt 0cm 3.5pt;\r\n  height:15.0pt\">\r\n  <p class=\"MsoNormal\" style=\"margin-bottom:0cm;margin-bottom:.0001pt;line-height:\r\n  normal\"><span style=\"font-size:10.0pt;mso-ascii-font-family:Calibri;\r\n  mso-fareast-font-family:&quot;Times New Roman&quot;;mso-hansi-font-family:Calibri;\r\n  mso-bidi-font-family:Calibri;mso-fareast-language:ES-SV\">Código<o:p></o:p></span></p>\r\n  </td>\r\n </tr>\r\n <tr style=\"mso-yfti-irow:1;height:15.0pt\">\r\n  <td width=\"402\" nowrap=\"\" valign=\"bottom\" style=\"width:241.0pt;padding:0cm 3.5pt 0cm 3.5pt;\r\n  height:15.0pt\">\r\n  <p class=\"MsoNormal\" style=\"margin-bottom:0cm;margin-bottom:.0001pt;line-height:\r\n  normal\"><span style=\"font-size:10.0pt;mso-ascii-font-family:Calibri;\r\n  mso-fareast-font-family:&quot;Times New Roman&quot;;mso-hansi-font-family:Calibri;\r\n  mso-bidi-font-family:Calibri;mso-fareast-language:ES-SV\">JONATHAN WILFREDO,\r\n  RIVAS GUERRERO<o:p></o:p></span></p>\r\n  </td>\r\n  <td width=\"198\" nowrap=\"\" valign=\"bottom\" style=\"width:119.0pt;padding:0cm 3.5pt 0cm 3.5pt;\r\n  height:15.0pt\">\r\n  <p class=\"MsoNormal\" style=\"margin-bottom:0cm;margin-bottom:.0001pt;line-height:\r\n  normal\"><span style=\"font-size:10.0pt;mso-ascii-font-family:Calibri;\r\n  mso-fareast-font-family:&quot;Times New Roman&quot;;mso-hansi-font-family:Calibri;\r\n  mso-bidi-font-family:Calibri;mso-fareast-language:ES-SV\">RG09007<o:p></o:p></span></p>\r\n  </td>\r\n </tr>\r\n <tr style=\"mso-yfti-irow:2;mso-yfti-lastrow:yes;height:15.0pt\">\r\n  <td width=\"402\" nowrap=\"\" valign=\"bottom\" style=\"width:241.0pt;padding:0cm 3.5pt 0cm 3.5pt;\r\n  height:15.0pt\">\r\n  <p class=\"MsoNormal\" style=\"margin-bottom:0cm;margin-bottom:.0001pt;line-height:\r\n  normal\"><span style=\"font-size:10.0pt;mso-ascii-font-family:Calibri;\r\n  mso-fareast-font-family:&quot;Times New Roman&quot;;mso-hansi-font-family:Calibri;\r\n  mso-bidi-font-family:Calibri;mso-fareast-language:ES-SV\">ERICK JOSUE, VENTURA\r\n  UMAÑA<o:p></o:p></span></p>\r\n  </td>\r\n  <td width=\"198\" nowrap=\"\" valign=\"bottom\" style=\"width:119.0pt;padding:0cm 3.5pt 0cm 3.5pt;\r\n  height:15.0pt\">\r\n  <p class=\"MsoNormal\" style=\"margin-bottom:0cm;margin-bottom:.0001pt;line-height:\r\n  normal\"><span style=\"font-size:10.0pt;mso-ascii-font-family:Calibri;\r\n  mso-fareast-font-family:&quot;Times New Roman&quot;;mso-hansi-font-family:Calibri;\r\n  mso-bidi-font-family:Calibri;mso-fareast-language:ES-SV\">VU14002<o:p></o:p></span></p>\r\n  </td>\r\n </tr>\r\n</tbody></table><p class=\"MsoNormal\" style=\"text-align:justify\"><span style=\"font-size:10.0pt;\r\nline-height:107%\"><o:p>&nbsp;</o:p></span></p><p class=\"MsoNormal\" style=\"text-align:justify\"><b><span style=\"font-size:10.0pt;line-height:107%\">Arquitectura<o:p></o:p></span></b></p><table class=\"MsoNormalTable\" border=\"0\" cellspacing=\"0\" cellpadding=\"0\" width=\"595\" style=\"width: 357pt;\">\r\n <tbody><tr style=\"mso-yfti-irow:0;mso-yfti-firstrow:yes;height:15.0pt\">\r\n  <td width=\"395\" nowrap=\"\" valign=\"bottom\" style=\"width:237.0pt;padding:0cm 3.5pt 0cm 3.5pt;\r\n  height:15.0pt\">\r\n  <p class=\"MsoNormal\" style=\"margin-bottom:0cm;margin-bottom:.0001pt;line-height:\r\n  normal\"><span style=\"font-size:10.0pt;mso-ascii-font-family:Calibri;\r\n  mso-fareast-font-family:&quot;Times New Roman&quot;;mso-hansi-font-family:Calibri;\r\n  mso-bidi-font-family:Calibri;mso-fareast-language:ES-SV\">Estudiante:<o:p></o:p></span></p>\r\n  </td>\r\n  <td width=\"200\" nowrap=\"\" valign=\"bottom\" style=\"width:120.0pt;padding:0cm 3.5pt 0cm 3.5pt;\r\n  height:15.0pt\">\r\n  <p class=\"MsoNormal\" style=\"margin-bottom:0cm;margin-bottom:.0001pt;line-height:\r\n  normal\"><span style=\"font-size:10.0pt;mso-ascii-font-family:Calibri;\r\n  mso-fareast-font-family:&quot;Times New Roman&quot;;mso-hansi-font-family:Calibri;\r\n  mso-bidi-font-family:Calibri;mso-fareast-language:ES-SV\">Código<o:p></o:p></span></p>\r\n  </td>\r\n </tr>\r\n <tr style=\"mso-yfti-irow:1;height:15.0pt\">\r\n  <td width=\"395\" nowrap=\"\" valign=\"bottom\" style=\"width:237.0pt;padding:0cm 3.5pt 0cm 3.5pt;\r\n  height:15.0pt\">\r\n  <p class=\"MsoNormal\" style=\"margin-bottom:0cm;margin-bottom:.0001pt;line-height:\r\n  normal\"><span style=\"font-size:10.0pt;mso-ascii-font-family:Calibri;\r\n  mso-fareast-font-family:&quot;Times New Roman&quot;;mso-hansi-font-family:Calibri;\r\n  mso-bidi-font-family:Calibri;mso-fareast-language:ES-SV\">DANIEL ANTONIO,\r\n  AMAYA SANCHEZ<o:p></o:p></span></p>\r\n  </td>\r\n  <td width=\"200\" nowrap=\"\" valign=\"bottom\" style=\"width:120.0pt;padding:0cm 3.5pt 0cm 3.5pt;\r\n  height:15.0pt\">\r\n  <p class=\"MsoNormal\" style=\"margin-bottom:0cm;margin-bottom:.0001pt;line-height:\r\n  normal\"><span style=\"font-size:10.0pt;mso-ascii-font-family:Calibri;\r\n  mso-fareast-font-family:&quot;Times New Roman&quot;;mso-hansi-font-family:Calibri;\r\n  mso-bidi-font-family:Calibri;mso-fareast-language:ES-SV\">FM13002<o:p></o:p></span></p>\r\n  </td>\r\n </tr>\r\n <tr style=\"mso-yfti-irow:2;height:15.0pt\">\r\n  <td width=\"395\" nowrap=\"\" valign=\"bottom\" style=\"width:237.0pt;padding:0cm 3.5pt 0cm 3.5pt;\r\n  height:15.0pt\">\r\n  <p class=\"MsoNormal\" style=\"margin-bottom:0cm;margin-bottom:.0001pt;line-height:\r\n  normal\"><span style=\"font-size:10.0pt;mso-ascii-font-family:Calibri;\r\n  mso-fareast-font-family:&quot;Times New Roman&quot;;mso-hansi-font-family:Calibri;\r\n  mso-bidi-font-family:Calibri;mso-fareast-language:ES-SV\">YOLANDA ISABEL,\r\n  CLAROS VEGA<o:p></o:p></span></p>\r\n  </td>\r\n  <td width=\"200\" nowrap=\"\" valign=\"bottom\" style=\"width:120.0pt;padding:0cm 3.5pt 0cm 3.5pt;\r\n  height:15.0pt\">\r\n  <p class=\"MsoNormal\" style=\"margin-bottom:0cm;margin-bottom:.0001pt;line-height:\r\n  normal\"><span style=\"font-size:10.0pt;mso-ascii-font-family:Calibri;\r\n  mso-fareast-font-family:&quot;Times New Roman&quot;;mso-hansi-font-family:Calibri;\r\n  mso-bidi-font-family:Calibri;mso-fareast-language:ES-SV\">CV09024<o:p></o:p></span></p>\r\n  </td>\r\n </tr>\r\n <tr style=\"mso-yfti-irow:3;height:15.0pt\">\r\n  <td width=\"395\" nowrap=\"\" valign=\"bottom\" style=\"width:237.0pt;padding:0cm 3.5pt 0cm 3.5pt;\r\n  height:15.0pt\">\r\n  <p class=\"MsoNormal\" style=\"margin-bottom:0cm;margin-bottom:.0001pt;line-height:\r\n  normal\"><span style=\"font-size:10.0pt;mso-ascii-font-family:Calibri;\r\n  mso-fareast-font-family:&quot;Times New Roman&quot;;mso-hansi-font-family:Calibri;\r\n  mso-bidi-font-family:Calibri;mso-fareast-language:ES-SV\">SANTOS MAURICIO,\r\n  HERNANDEZ MARTINEZ <o:p></o:p></span></p>\r\n  </td>\r\n  <td width=\"200\" nowrap=\"\" valign=\"bottom\" style=\"width:120.0pt;padding:0cm 3.5pt 0cm 3.5pt;\r\n  height:15.0pt\">\r\n  <p class=\"MsoNormal\" style=\"margin-bottom:0cm;margin-bottom:.0001pt;line-height:\r\n  normal\"><span style=\"font-size:10.0pt;mso-ascii-font-family:Calibri;\r\n  mso-fareast-font-family:&quot;Times New Roman&quot;;mso-hansi-font-family:Calibri;\r\n  mso-bidi-font-family:Calibri;mso-fareast-language:ES-SV\">HM07032<o:p></o:p></span></p>\r\n  </td>\r\n </tr>\r\n <tr style=\"mso-yfti-irow:4;height:15.0pt\">\r\n  <td width=\"395\" nowrap=\"\" valign=\"bottom\" style=\"width:237.0pt;padding:0cm 3.5pt 0cm 3.5pt;\r\n  height:15.0pt\">\r\n  <p class=\"MsoNormal\" style=\"margin-bottom:0cm;margin-bottom:.0001pt;line-height:\r\n  normal\"><span style=\"font-size:10.0pt;mso-ascii-font-family:Calibri;\r\n  mso-fareast-font-family:&quot;Times New Roman&quot;;mso-hansi-font-family:Calibri;\r\n  mso-bidi-font-family:Calibri;mso-fareast-language:ES-SV\">ELENA SARAI, MARQUEZ\r\n  ALVAREZ <o:p></o:p></span></p>\r\n  </td>\r\n  <td width=\"200\" nowrap=\"\" valign=\"bottom\" style=\"width:120.0pt;padding:0cm 3.5pt 0cm 3.5pt;\r\n  height:15.0pt\">\r\n  <p class=\"MsoNormal\" style=\"margin-bottom:0cm;margin-bottom:.0001pt;line-height:\r\n  normal\"><span style=\"font-size:10.0pt;mso-ascii-font-family:Calibri;\r\n  mso-fareast-font-family:&quot;Times New Roman&quot;;mso-hansi-font-family:Calibri;\r\n  mso-bidi-font-family:Calibri;mso-fareast-language:ES-SV\">MA12070<o:p></o:p></span></p>\r\n  </td>\r\n </tr>\r\n <tr style=\"mso-yfti-irow:5;height:15.0pt\">\r\n  <td width=\"395\" nowrap=\"\" valign=\"bottom\" style=\"width:237.0pt;padding:0cm 3.5pt 0cm 3.5pt;\r\n  height:15.0pt\">\r\n  <p class=\"MsoNormal\" style=\"margin-bottom:0cm;margin-bottom:.0001pt;line-height:\r\n  normal\"><span style=\"font-size:10.0pt;mso-ascii-font-family:Calibri;\r\n  mso-fareast-font-family:&quot;Times New Roman&quot;;mso-hansi-font-family:Calibri;\r\n  mso-bidi-font-family:Calibri;mso-fareast-language:ES-SV\">WILLBER SALOMON,\r\n  MARQUEZ SEGOVIA<o:p></o:p></span></p>\r\n  </td>\r\n  <td width=\"200\" nowrap=\"\" valign=\"bottom\" style=\"width:120.0pt;padding:0cm 3.5pt 0cm 3.5pt;\r\n  height:15.0pt\">\r\n  <p class=\"MsoNormal\" style=\"margin-bottom:0cm;margin-bottom:.0001pt;line-height:\r\n  normal\"><span style=\"font-size:10.0pt;mso-ascii-font-family:Calibri;\r\n  mso-fareast-font-family:&quot;Times New Roman&quot;;mso-hansi-font-family:Calibri;\r\n  mso-bidi-font-family:Calibri;mso-fareast-language:ES-SV\">MS09037<o:p></o:p></span></p>\r\n  </td>\r\n </tr>\r\n <tr style=\"mso-yfti-irow:6;height:15.0pt\">\r\n  <td width=\"395\" nowrap=\"\" valign=\"bottom\" style=\"width:237.0pt;padding:0cm 3.5pt 0cm 3.5pt;\r\n  height:15.0pt\">\r\n  <p class=\"MsoNormal\" style=\"margin-bottom:0cm;margin-bottom:.0001pt;line-height:\r\n  normal\"><span style=\"font-size:10.0pt;mso-ascii-font-family:Calibri;\r\n  mso-fareast-font-family:&quot;Times New Roman&quot;;mso-hansi-font-family:Calibri;\r\n  mso-bidi-font-family:Calibri;mso-fareast-language:ES-SV\">CLAUDIA VERONICA,\r\n  MACAY GRANADOS <o:p></o:p></span></p>\r\n  </td>\r\n  <td width=\"200\" nowrap=\"\" valign=\"bottom\" style=\"width:120.0pt;padding:0cm 3.5pt 0cm 3.5pt;\r\n  height:15.0pt\">\r\n  <p class=\"MsoNormal\" style=\"margin-bottom:0cm;margin-bottom:.0001pt;line-height:\r\n  normal\"><span style=\"font-size:10.0pt;mso-ascii-font-family:Calibri;\r\n  mso-fareast-font-family:&quot;Times New Roman&quot;;mso-hansi-font-family:Calibri;\r\n  mso-bidi-font-family:Calibri;mso-fareast-language:ES-SV\">MG11027<o:p></o:p></span></p>\r\n  </td>\r\n </tr>\r\n <tr style=\"mso-yfti-irow:7;mso-yfti-lastrow:yes;height:15.0pt\">\r\n  <td width=\"395\" nowrap=\"\" valign=\"bottom\" style=\"width:237.0pt;padding:0cm 3.5pt 0cm 3.5pt;\r\n  height:15.0pt\">\r\n  <p class=\"MsoNormal\" style=\"margin-bottom:0cm;margin-bottom:.0001pt;line-height:\r\n  normal\"><span style=\"font-size:10.0pt;mso-ascii-font-family:Calibri;\r\n  mso-fareast-font-family:&quot;Times New Roman&quot;;mso-hansi-font-family:Calibri;\r\n  mso-bidi-font-family:Calibri;mso-fareast-language:ES-SV\">LISSETTE ALEJANDRA,\r\n  MORENO ARGUETA <o:p></o:p></span></p>\r\n  </td>\r\n  <td width=\"200\" nowrap=\"\" valign=\"bottom\" style=\"width:120.0pt;padding:0cm 3.5pt 0cm 3.5pt;\r\n  height:15.0pt\">\r\n  <p class=\"MsoNormal\" style=\"margin-bottom:0cm;margin-bottom:.0001pt;line-height:\r\n  normal\"><span style=\"font-size:10.0pt;mso-ascii-font-family:Calibri;\r\n  mso-fareast-font-family:&quot;Times New Roman&quot;;mso-hansi-font-family:Calibri;\r\n  mso-bidi-font-family:Calibri;mso-fareast-language:ES-SV\">MA08043<o:p></o:p></span></p>\r\n  </td>\r\n </tr>\r\n</tbody></table><p class=\"MsoNormal\" style=\"text-align:justify\"><span style=\"font-size:10.0pt;\r\nline-height:107%\"><o:p>&nbsp;</o:p></span></p><p class=\"MsoNormal\" style=\"text-align:justify\"><span style=\"font-size:10.0pt;\r\nline-height:107%\">Ingeniería Civil<o:p></o:p></span></p><p class=\"MsoNormal\" style=\"text-align:justify\"><span style=\"font-size:10.0pt;\r\nline-height:107%\"><o:p>&nbsp;</o:p></span></p><p class=\"MsoNormal\" style=\"text-align:justify\"><b><span style=\"font-size:10.0pt;line-height:107%\">Ing. en sistemas<o:p></o:p></span></b></p><p>\r\n\r\n\r\n\r\n\r\n\r\n\r\n\r\n\r\n\r\n\r\n\r\n\r\n\r\n\r\n\r\n\r\n\r\n\r\n\r\n\r\n\r\n\r\n\r\n\r\n\r\n\r\n\r\n\r\n\r\n\r\n\r\n\r\n\r\n\r\n\r\n\r\n\r\n\r\n\r\n\r\n\r\n\r\n\r\n\r\n\r\n</p><table class=\"MsoNormalTable\" border=\"0\" cellspacing=\"0\" cellpadding=\"0\" width=\"598\" style=\"width: 359pt;\">\r\n <tbody><tr style=\"mso-yfti-irow:0;mso-yfti-firstrow:yes;height:15.0pt\">\r\n  <td width=\"400\" nowrap=\"\" valign=\"bottom\" style=\"width:240.0pt;padding:0cm 3.5pt 0cm 3.5pt;\r\n  height:15.0pt\">\r\n  <p class=\"MsoNormal\" style=\"margin-bottom:0cm;margin-bottom:.0001pt;line-height:\r\n  normal\"><span style=\"font-size:10.0pt;mso-ascii-font-family:Calibri;\r\n  mso-fareast-font-family:&quot;Times New Roman&quot;;mso-hansi-font-family:Calibri;\r\n  mso-bidi-font-family:Calibri;mso-fareast-language:ES-SV\">Estudiantes:<o:p></o:p></span></p>\r\n  </td>\r\n  <td width=\"198\" nowrap=\"\" valign=\"bottom\" style=\"width:119.0pt;padding:0cm 3.5pt 0cm 3.5pt;\r\n  height:15.0pt\">\r\n  <p class=\"MsoNormal\" style=\"margin-bottom:0cm;margin-bottom:.0001pt;line-height:\r\n  normal\"><span style=\"font-size:10.0pt;mso-ascii-font-family:Calibri;\r\n  mso-fareast-font-family:&quot;Times New Roman&quot;;mso-hansi-font-family:Calibri;\r\n  mso-bidi-font-family:Calibri;mso-fareast-language:ES-SV\">Código<o:p></o:p></span></p>\r\n  </td>\r\n </tr>\r\n <tr style=\"mso-yfti-irow:1;height:15.0pt\">\r\n  <td width=\"400\" nowrap=\"\" valign=\"bottom\" style=\"width:240.0pt;padding:0cm 3.5pt 0cm 3.5pt;\r\n  height:15.0pt\">\r\n  <p class=\"MsoNormal\" style=\"margin-bottom:0cm;margin-bottom:.0001pt;line-height:\r\n  normal\"><span style=\"font-size:10.0pt;mso-ascii-font-family:Calibri;\r\n  mso-fareast-font-family:&quot;Times New Roman&quot;;mso-hansi-font-family:Calibri;\r\n  mso-bidi-font-family:Calibri;mso-fareast-language:ES-SV\">NELSON ORLANDO,\r\n  BENAVIDES CUADRA <o:p></o:p></span></p>\r\n  </td>\r\n  <td width=\"198\" nowrap=\"\" valign=\"bottom\" style=\"width:119.0pt;padding:0cm 3.5pt 0cm 3.5pt;\r\n  height:15.0pt\">\r\n  <p class=\"MsoNormal\" style=\"margin-bottom:0cm;margin-bottom:.0001pt;line-height:\r\n  normal\"><span style=\"font-size:10.0pt;mso-ascii-font-family:Calibri;\r\n  mso-fareast-font-family:&quot;Times New Roman&quot;;mso-hansi-font-family:Calibri;\r\n  mso-bidi-font-family:Calibri;mso-fareast-language:ES-SV\">BC13002<o:p></o:p></span></p>\r\n  </td>\r\n </tr>\r\n <tr style=\"mso-yfti-irow:2;height:15.0pt\">\r\n  <td width=\"400\" nowrap=\"\" valign=\"bottom\" style=\"width:240.0pt;padding:0cm 3.5pt 0cm 3.5pt;\r\n  height:15.0pt\">\r\n  <p class=\"MsoNormal\" style=\"margin-bottom:0cm;margin-bottom:.0001pt;line-height:\r\n  normal\"><span style=\"font-size:10.0pt;mso-ascii-font-family:Calibri;\r\n  mso-fareast-font-family:&quot;Times New Roman&quot;;mso-hansi-font-family:Calibri;\r\n  mso-bidi-font-family:Calibri;mso-fareast-language:ES-SV\">ROBERTO CARLOS,\r\n  CARDENAS RAMIREZ<o:p></o:p></span></p>\r\n  </td>\r\n  <td width=\"198\" nowrap=\"\" valign=\"bottom\" style=\"width:119.0pt;padding:0cm 3.5pt 0cm 3.5pt;\r\n  height:15.0pt\">\r\n  <p class=\"MsoNormal\" style=\"margin-bottom:0cm;margin-bottom:.0001pt;line-height:\r\n  normal\"><span style=\"font-size:10.0pt;mso-ascii-font-family:Calibri;\r\n  mso-fareast-font-family:&quot;Times New Roman&quot;;mso-hansi-font-family:Calibri;\r\n  mso-bidi-font-family:Calibri;mso-fareast-language:ES-SV\">CR12015<o:p></o:p></span></p>\r\n  </td>\r\n </tr>\r\n <tr style=\"mso-yfti-irow:3;mso-yfti-lastrow:yes;height:15.0pt\">\r\n  <td width=\"400\" nowrap=\"\" valign=\"bottom\" style=\"width:240.0pt;padding:0cm 3.5pt 0cm 3.5pt;\r\n  height:15.0pt\">\r\n  <p class=\"MsoNormal\" style=\"margin-bottom:0cm;margin-bottom:.0001pt;line-height:\r\n  normal\"><span style=\"font-size:10.0pt;mso-ascii-font-family:Calibri;\r\n  mso-fareast-font-family:&quot;Times New Roman&quot;;mso-hansi-font-family:Calibri;\r\n  mso-bidi-font-family:Calibri;mso-fareast-language:ES-SV\">GERSON ALEXANDER,\r\n  SANDOVAL GUERRERO<o:p></o:p></span></p>\r\n  </td>\r\n  <td width=\"198\" nowrap=\"\" valign=\"bottom\" style=\"width:119.0pt;padding:0cm 3.5pt 0cm 3.5pt;\r\n  height:15.0pt\">\r\n  <p class=\"MsoNormal\" style=\"margin-bottom:0cm;margin-bottom:.0001pt;line-height:\r\n  normal\"><span style=\"font-size:10.0pt;mso-ascii-font-family:Calibri;\r\n  mso-fareast-font-family:&quot;Times New Roman&quot;;mso-hansi-font-family:Calibri;\r\n  mso-bidi-font-family:Calibri;mso-fareast-language:ES-SV\">SG13034<o:p></o:p></span></p>\r\n  </td>\r\n </tr>\r\n</tbody></table>', 8, 'mayo', '2018');

-- --------------------------------------------------------

--
-- Estructura de tabla para la tabla `usuario`
--

CREATE TABLE `usuario` (
  `usuario` char(15) CHARACTER SET utf8 COLLATE utf8_spanish_ci NOT NULL,
  `nombre` varchar(50) NOT NULL,
  `password` varchar(40) NOT NULL,
  `fecha` date NOT NULL
) ENGINE=InnoDB DEFAULT CHARSET=utf8;

--
-- Volcado de datos para la tabla `usuario`
--

INSERT INTO `usuario` (`usuario`, `nombre`, `password`, `fecha`) VALUES
('admin', 'Santiago Ulloa', 'd033e22ae348aeb5660fc2140aec35850c4da997', '2018-05-15'),
('superadmin', 'Luis Iraheta', '889a3a791b3875cfae413574b53da4bb8a90d53e', '2018-05-21');

--
-- Índices para tablas volcadas
--

--
-- Indices de la tabla `consejo`
--
ALTER TABLE `consejo`
  ADD PRIMARY KEY (`id`),
  ADD KEY `dep_sec` (`dep_sec`);

--
-- Indices de la tabla `departamentos`
--
ALTER TABLE `departamentos`
  ADD PRIMARY KEY (`id`),
  ADD KEY `nombre` (`nombre`);

--
-- Indices de la tabla `proyectos`
--
ALTER TABLE `proyectos`
  ADD PRIMARY KEY (`id`),
  ADD KEY `dep_sec` (`dep_sec`);

--
-- AUTO_INCREMENT de las tablas volcadas
--

--
-- AUTO_INCREMENT de la tabla `consejo`
--
ALTER TABLE `consejo`
  MODIFY `id` int(11) NOT NULL AUTO_INCREMENT, AUTO_INCREMENT=16;

--
-- AUTO_INCREMENT de la tabla `departamentos`
--
ALTER TABLE `departamentos`
  MODIFY `id` int(11) NOT NULL AUTO_INCREMENT, AUTO_INCREMENT=16;

--
-- AUTO_INCREMENT de la tabla `proyectos`
--
ALTER TABLE `proyectos`
  MODIFY `id` int(11) NOT NULL AUTO_INCREMENT, AUTO_INCREMENT=5;

--
-- Restricciones para tablas volcadas
--

--
-- Filtros para la tabla `consejo`
--
ALTER TABLE `consejo`
  ADD CONSTRAINT `consejo_fk` FOREIGN KEY (`dep_sec`) REFERENCES `departamentos` (`id`) ON DELETE NO ACTION ON UPDATE NO ACTION;

--
-- Filtros para la tabla `proyectos`
--
ALTER TABLE `proyectos`
  ADD CONSTRAINT `dep_fk` FOREIGN KEY (`dep_sec`) REFERENCES `departamentos` (`id`) ON DELETE NO ACTION ON UPDATE NO ACTION;
COMMIT;

/*!40101 SET CHARACTER_SET_CLIENT=@OLD_CHARACTER_SET_CLIENT */;
/*!40101 SET CHARACTER_SET_RESULTS=@OLD_CHARACTER_SET_RESULTS */;
/*!40101 SET COLLATION_CONNECTION=@OLD_COLLATION_CONNECTION */;
